date;close
02/01/2012;52.96
03/01/2012;55.0
05/01/2012;55.37
06/01/2012;50.49
08/01/2012;52.56
10/01/2012;56.060001
11/01/2012;55.36
12/01/2012;38.219703674316406
13/01/2012;38.50083923339844
17/01/2012;38.78197479248047
18/01/2012;39.0631103515625
19/01/2012;39.34424591064453
20/01/2012;39.34424591064453
23/01/2012;39.34424591064453
24/01/2012;39.2454719543457
25/01/2012;39.2454719543457
26/01/2012;39.2454719543457
27/01/2012;39.2454719543457
30/01/2012;39.2454719543457
31/01/2012;39.2454719543457
01/02/2012;40.24086380004883
02/02/2012;40.24086380004883
03/02/2012;40.7043571472168
04/02/2012;54.98
05/02/2012;54.84
06/02/2012;40.7043571472168
07/02/2012;40.7043571472168
08/02/2012;40.7043571472168
09/02/2012;40.7043571472168
10/02/2012;40.7043571472168
11/02/2012;55.37
13/02/2012;40.7043571472168
14/02/2012;40.7043571472168
15/02/2012;40.7043571472168
16/02/2012;40.7043571472168
17/02/2012;40.7043571472168
21/02/2012;41.79091262817383
22/02/2012;41.79091262817383
23/02/2012;41.79091262817383
24/02/2012;41.79091262817383
27/02/2012;41.79091262817383
28/02/2012;41.79091262817383
29/02/2012;41.79091262817383
01/03/2012;41.79091262817383
02/03/2012;41.39579772949219
04/03/2012;54.98
05/03/2012;41.39579772949219
06/03/2012;41.39579772949219
07/03/2012;41.39579772949219
08/03/2012;41.08427047729492
09/03/2012;41.23623275756836
10/03/2012;55.77
12/03/2012;41.23623275756836
13/03/2012;41.23623275756836
14/03/2012;41.593360900878906
15/03/2012;41.593360900878906
16/03/2012;41.593360900878906
19/03/2012;41.593360900878906
20/03/2012;41.593360900878906
21/03/2012;41.593360900878906
22/03/2012;41.593360900878906
23/03/2012;41.593360900878906
26/03/2012;41.593360900878906
27/03/2012;41.7263298034668
28/03/2012;41.85929870605469
29/03/2012;41.61615753173828
30/03/2012;41.775718688964844
02/04/2012;41.775718688964844
03/04/2012;41.775718688964844
04/04/2012;41.775718688964844
05/04/2012;41.22104263305664
06/04/2012;50.49
09/04/2012;40.88670349121094
10/04/2012;40.24845886230469
11/04/2012;40.62077331542969
12/04/2012;41.25143051147461
13/04/2012;41.25143051147461
16/04/2012;40.64358139038086
17/04/2012;41.464195251464844
18/04/2012;41.464195251464844
19/04/2012;41.464195251464844
20/04/2012;41.464195251464844
23/04/2012;41.464195251464844
24/04/2012;41.464195251464844
25/04/2012;41.464195251464844
26/04/2012;41.464195251464844
27/04/2012;41.9428825378418
30/04/2012;41.9428825378418
01/05/2012;42.07206344604492
02/05/2012;41.669334411621094
03/05/2012;41.669334411621094
04/05/2012;41.669334411621094
06/05/2012;49.33
07/05/2012;40.7955322265625
08/05/2012;40.7955322265625
09/05/2012;40.04329299926758
10/05/2012;40.04329299926758
11/05/2012;40.04329299926758
12/05/2012;55.87
14/05/2012;39.48101806640625
15/05/2012;39.48101806640625
16/05/2012;39.48101806640625
17/05/2012;38.660404205322266
18/05/2012;38.3260612487793
21/05/2012;38.3260612487793
22/05/2012;38.3260612487793
23/05/2012;38.113319396972656
24/05/2012;38.113319396972656
25/05/2012;38.113319396972656
29/05/2012;38.113319396972656
30/05/2012;38.53883743286133
31/05/2012;38.364070892333984
01/06/2012;38.364070892333984
02/06/2012;53.57
03/06/2012;54.48
04/06/2012;38.364070892333984
05/06/2012;38.31467628479004
06/06/2012;38.265281677246094
07/06/2012;38.265281677246094
08/06/2012;38.265281677246094
09/06/2012;53.63
11/06/2012;38.265281677246094
12/06/2012;38.265281677246094
13/06/2012;38.265281677246094
14/06/2012;38.265281677246094
15/06/2012;38.265281677246094
18/06/2012;38.265281677246094
19/06/2012;40.005306243896484
20/06/2012;39.898929595947266
21/06/2012;39.205299377441406
22/06/2012;39.205299377441406
25/06/2012;39.205299377441406
26/06/2012;39.205299377441406
27/06/2012;39.205299377441406
28/06/2012;39.205299377441406
29/06/2012;39.205299377441406
02/07/2012;39.205299377441406
03/07/2012;39.205299377441406
05/07/2012;39.205299377441406
06/07/2012;39.205299377441406
08/07/2012;53.080002
09/07/2012;39.536705017089844
10/07/2012;39.536705017089844
11/07/2012;39.536705017089844
12/07/2012;39.536705017089844
13/07/2012;39.536705017089844
16/07/2012;39.536705017089844
17/07/2012;39.536705017089844
18/07/2012;40.022239685058594
19/07/2012;40.022239685058594
20/07/2012;40.022239685058594
23/07/2012;40.022239685058594
24/07/2012;40.022239685058594
25/07/2012;40.022239685058594
26/07/2012;39.69853973388672
27/07/2012;40.037662506103516
30/07/2012;40.507781982421875
31/07/2012;40.507781982421875
01/08/2012;40.507781982421875
02/08/2012;40.2996940612793
03/08/2012;39.62147521972656
05/08/2012;53.69
06/08/2012;40.908538818359375
07/08/2012;40.908538818359375
08/08/2012;41.162864685058594
09/08/2012;41.162864685058594
10/08/2012;41.162864685058594
11/08/2012;55.15
13/08/2012;41.162864685058594
14/08/2012;41.162864685058594
15/08/2012;41.162864685058594
16/08/2012;41.162864685058594
17/08/2012;41.486568450927734
20/08/2012;41.486568450927734
21/08/2012;41.486568450927734
22/08/2012;41.54051208496094
23/08/2012;41.44031524658203
24/08/2012;41.44031524658203
27/08/2012;41.60987091064453
28/08/2012;41.60987091064453
29/08/2012;41.60987091064453
30/08/2012;41.162864685058594
31/08/2012;41.355552673339844
02/09/2012;53.57
03/09/2012;54.27
04/09/2012;41.355552673339844
05/09/2012;41.332427978515625
06/09/2012;41.332427978515625
07/09/2012;42.619483947753906
08/09/2012;53.41
10/09/2012;42.50387954711914
11/09/2012;42.7427978515625
12/09/2012;42.83527755737305
13/09/2012;43.70616149902344
14/09/2012;43.92196273803711
17/09/2012;43.74470520019531
18/09/2012;43.629085540771484
19/09/2012;43.629085540771484
20/09/2012;43.629085540771484
21/09/2012;43.68305206298828
24/09/2012;43.68305206298828
25/09/2012;43.68305206298828
26/09/2012;42.81216049194336
27/09/2012;43.205204010009766
28/09/2012;43.205204010009766
01/10/2012;43.205204010009766
02/10/2012;43.205204010009766
03/10/2012;42.981712341308594
04/10/2012;42.981712341308594
05/10/2012;42.981712341308594
07/10/2012;51.3
08/10/2012;43.297698974609375
09/10/2012;42.8584098815918
10/10/2012;42.46535110473633
11/10/2012;42.750511169433594
12/10/2012;42.750511169433594
15/10/2012;42.750511169433594
16/10/2012;42.750511169433594
17/10/2012;42.750511169433594
18/10/2012;43.297698974609375
19/10/2012;43.297698974609375
22/10/2012;43.297698974609375
23/10/2012;43.297698974609375
24/10/2012;43.297698974609375
25/10/2012;42.234134674072266
26/10/2012;42.234134674072266
31/10/2012;42.234134674072266
01/11/2012;42.66573715209961
02/11/2012;42.67344284057617
04/11/2012;53.46
05/11/2012;42.67344284057617
06/11/2012;42.50387954711914
07/11/2012;42.50387954711914
08/11/2012;42.50387954711914
09/11/2012;41.44031524658203
10/11/2012;55.47
12/11/2012;41.44031524658203
13/11/2012;41.27847671508789
14/11/2012;40.846885681152344
15/11/2012;40.846885681152344
16/11/2012;40.846885681152344
19/11/2012;41.80253982543945
20/11/2012;41.66382598876953
21/11/2012;41.66382598876953
23/11/2012;41.66382598876953
26/11/2012;41.66382598876953
27/11/2012;42.50387954711914
28/11/2012;42.50387954711914
29/11/2012;42.958587646484375
30/11/2012;42.958587646484375
01/12/2012;50.3
03/12/2012;42.727386474609375
04/12/2012;42.534706115722656
05/12/2012;43.058780670166016
06/12/2012;42.8584098815918
07/12/2012;42.99712371826172
09/12/2012;55.58
10/12/2012;42.99712371826172
11/12/2012;42.99712371826172
12/12/2012;42.99712371826172
13/12/2012;42.99712371826172
14/12/2012;42.99712371826172
17/12/2012;43.58285140991211
18/12/2012;43.63676071166992
19/12/2012;43.63676071166992
20/12/2012;43.804752349853516
21/12/2012;43.97274398803711
24/12/2012;43.97274398803711
26/12/2012;43.97274398803711
27/12/2012;43.71490478515625
28/12/2012;43.63676071166992
31/12/2012;43.83991241455078
02/01/2013;43.94929504394531
03/01/2013;44.95719528198242
04/01/2013;44.4024658203125
05/01/2013;61.39
07/01/2013;44.144630432128906
08/01/2013;44.04305648803711
09/01/2013;44.34256362915039
10/01/2013;44.64207077026367
11/01/2013;44.94157791137695
14/01/2013;44.94157791137695
15/01/2013;44.94939041137695
16/01/2013;44.94939041137695
17/01/2013;44.94939041137695
18/01/2013;45.01189041137695
22/01/2013;45.01189041137695
23/01/2013;45.50412178039551
24/01/2013;45.99635314941406
25/01/2013;45.64476776123047
28/01/2013;45.8557243347168
29/01/2013;45.9650993347168
30/01/2013;45.9650993347168
31/01/2013;45.902591705322266
01/02/2013;46.45732116699219
04/02/2013;46.09792709350586
05/02/2013;46.238563537597656
06/02/2013;46.37919998168945
07/02/2013;46.37919998168945
08/02/2013;46.46513748168945
10/02/2013;65.4
11/02/2013;46.41044998168945
12/02/2013;46.246376037597656
13/02/2013;46.34013748168945
14/02/2013;46.34013748168945
15/02/2013;46.34013748168945
19/02/2013;46.58234405517578
20/02/2013;46.60578918457031
21/02/2013;45.57444381713867
22/02/2013;46.00416946411133
25/02/2013;46.02760314941406
26/02/2013;45.44160842895508
27/02/2013;46.05886459350586
28/02/2013;46.19167709350586
01/03/2013;46.05886459350586
04/03/2013;45.840084075927734
05/03/2013;46.60578918457031
06/03/2013;46.46513748168945
07/03/2013;46.56671905517578
08/03/2013;47.08238983154297
09/03/2013;62.95
10/03/2013;64.83
11/03/2013;46.84017562866211
12/03/2013;46.76986312866211
13/03/2013;46.746421813964844
14/03/2013;47.32460021972656
15/03/2013;47.387107849121094
18/03/2013;47.0745735168457
19/03/2013;46.824554443359375
20/03/2013;46.85581588745117
21/03/2013;46.86362075805664
22/03/2013;47.113643646240234
25/03/2013;46.93394470214844
26/03/2013;47.16834259033203
27/03/2013;47.16834259033203
28/03/2013;47.16834259033203
01/04/2013;46.879241943359375
02/04/2013;47.41054916381836
03/04/2013;46.754249572753906
04/04/2013;47.23085021972656
05/04/2013;46.95737838745117
06/04/2013;64.2
08/04/2013;46.95737838745117
09/04/2013;47.55118942260742
10/04/2013;48.137168884277344
11/04/2013;48.66065216064453
12/04/2013;48.33250045776367
15/04/2013;47.1058349609375
16/04/2013;47.93403625488281
17/04/2013;46.69953918457031
18/04/2013;46.801124572753906
19/04/2013;46.801124572753906
22/04/2013;46.801124572753906
23/04/2013;47.34022521972656
24/04/2013;47.840267181396484
25/04/2013;50.02014923095703
26/04/2013;47.66056823730469
29/04/2013;47.89496612548828
30/04/2013;48.44189453125
01/05/2013;47.965274810791016
02/05/2013;48.949745178222656
03/05/2013;49.223209381103516
04/05/2013;60.099998
06/05/2013;49.71543884277344
07/05/2013;49.8326416015625
08/05/2013;50.03578567504883
09/05/2013;50.629581451416016
10/05/2013;50.51238250732422
11/05/2013;68.25
12/05/2013;67.71
13/05/2013;50.699913024902344
14/05/2013;49.7935676574707
15/05/2013;49.7935676574707
16/05/2013;51.41871643066406
17/05/2013;50.70772171020508
20/05/2013;50.34049987792969
21/05/2013;51.66093444824219
22/05/2013;50.25455093383789
23/05/2013;50.25455093383789
24/05/2013;48.910682678222656
28/05/2013;49.262271881103516
29/05/2013;49.06694412231445
30/05/2013;49.06694412231445
31/05/2013;49.69981384277344
02/06/2013;59.36
03/06/2013;48.816925048828125
04/06/2013;50.160789489746094
05/06/2013;48.6294059753418
06/06/2013;48.6294059753418
07/06/2013;48.48096466064453
08/06/2013;65.52
09/06/2013;64.33
10/06/2013;48.65285110473633
11/06/2013;48.01215744018555
12/06/2013;50.02014923095703
13/06/2013;50.02014923095703
14/06/2013;50.02014923095703
17/06/2013;50.465511322021484
18/06/2013;50.465511322021484
19/06/2013;50.39517593383789
20/06/2013;48.637210845947266
21/06/2013;48.5590934753418
24/06/2013;46.09792709350586
25/06/2013;46.09792709350586
26/06/2013;48.5981559753418
27/06/2013;47.54371643066406
28/06/2013;47.54371643066406
01/07/2013;47.52407455444336
02/07/2013;47.504432678222656
03/07/2013;48.132999420166016
05/07/2013;48.71444320678711
06/07/2013;62.049999
08/07/2013;48.71444320678711
09/07/2013;48.71444320678711
10/07/2013;48.71444320678711
11/07/2013;49.358726501464844
12/07/2013;49.97159194946289
15/07/2013;49.67301559448242
16/07/2013;50.875160217285156
17/07/2013;50.67871856689453
18/07/2013;51.72373580932617
19/07/2013;51.72373580932617
22/07/2013;50.702301025390625
23/07/2013;50.27801513671875
24/07/2013;50.16801452636719
25/07/2013;50.5215950012207
26/07/2013;50.293731689453125
29/07/2013;51.49587631225586
30/07/2013;51.49587631225586
31/07/2013;50.3094482421875
01/08/2013;50.97730255126953
02/08/2013;50.97730255126953
03/08/2013;60.26
04/08/2013;60.099998
05/08/2013;52.10087966918945
06/08/2013;51.48017120361328
07/08/2013;51.03230667114258
08/08/2013;52.34445571899414
09/08/2013;52.34445571899414
10/08/2013;64.019997
11/08/2013;67.050003
12/08/2013;52.053741455078125
13/08/2013;52.053741455078125
14/08/2013;52.171600341796875
15/08/2013;51.2130241394043
16/08/2013;49.89300537109375
19/08/2013;49.89300537109375
20/08/2013;49.89300537109375
21/08/2013;49.50014877319336
22/08/2013;50.71015930175781
23/08/2013;50.71015930175781
26/08/2013;50.61587905883789
27/08/2013;48.75374221801758
28/08/2013;49.95586395263672
29/08/2013;48.95014190673828
30/08/2013;49.46086502075195
01/09/2013;56.37
03/09/2013;49.46086502075195
04/09/2013;49.46086502075195
05/09/2013;50.293731689453125
06/09/2013;50.54515838623047
07/09/2013;62.0
08/09/2013;66.62
09/09/2013;50.27016830444336
10/09/2013;50.27016830444336
11/09/2013;50.27016830444336
12/09/2013;50.993019104003906
13/09/2013;50.718013763427734
16/09/2013;50.91444396972656
17/09/2013;51.095157623291016
18/09/2013;52.603729248046875
19/09/2013;52.242305755615234
20/09/2013;52.44659423828125
23/09/2013;52.242305755615234
24/09/2013;51.52730941772461
25/09/2013;52.47801208496094
26/09/2013;52.47801208496094
27/09/2013;52.171600341796875
30/09/2013;52.242305755615234
01/10/2013;51.84944534301758
02/10/2013;51.38587951660156
03/10/2013;50.938018798828125
04/10/2013;51.18158721923828
05/10/2013;64.65
06/10/2013;62.27
07/10/2013;50.85943603515625
08/10/2013;50.30158233642578
09/10/2013;50.95372772216797
10/10/2013;50.94586944580078
11/10/2013;51.99873352050781
12/10/2013;68.45
14/10/2013;51.43301773071289
15/10/2013;51.150150299072266
16/10/2013;52.784446716308594
17/10/2013;53.185176849365234
18/10/2013;53.28731918334961
21/10/2013;53.090877532958984
22/10/2013;53.538734436035156
23/10/2013;53.10659408569336
24/10/2013;53.34231948852539
25/10/2013;53.50730514526367
28/10/2013;53.85302734375
29/10/2013;53.90802001953125
30/10/2013;53.66447067260742
31/10/2013;53.57018280029297
01/11/2013;53.688026428222656
02/11/2013;59.4
03/11/2013;59.95
04/11/2013;53.91588592529297
05/11/2013;53.625160217285156
06/11/2013;53.224456787109375
07/11/2013;53.3187370300293
08/11/2013;52.68231201171875
09/11/2013;63.98
10/11/2013;66.18
11/11/2013;52.68231201171875
12/11/2013;52.68231201171875
13/11/2013;53.44445037841797
14/11/2013;53.42872619628906
15/11/2013;53.656593322753906
18/11/2013;54.772315979003906
19/11/2013;53.42872619628906
20/11/2013;53.460174560546875
21/11/2013;54.40302658081055
22/11/2013;54.59945297241211
25/11/2013;54.04946517944336
26/11/2013;53.97873306274414
27/11/2013;54.065162658691406
29/11/2013;54.662315368652344
02/12/2013;53.86874008178711
03/12/2013;53.49945068359375
04/12/2013;53.47587585449219
05/12/2013;53.20086669921875
06/12/2013;53.79802703857422
07/12/2013;63.6
08/12/2013;66.25
09/12/2013;53.8765983581543
10/12/2013;53.78230285644531
11/12/2013;53.177310943603516
12/12/2013;52.485877990722656
13/12/2013;52.61945724487305
16/12/2013;53.334449768066406
17/12/2013;53.13016891479492
18/12/2013;53.994659423828125
19/12/2013;53.94723892211914
20/12/2013;53.94723892211914
23/12/2013;54.56360626220703
24/12/2013;54.15269470214844
26/12/2013;54.9507942199707
27/12/2013;54.71373748779297
30/12/2013;55.17205047607422
31/12/2013;55.52763366699219
02/01/2014;54.95870590209961
03/01/2014;54.95870590209961
04/01/2014;71.26
05/01/2014;72.16
06/01/2014;54.49247360229492
07/01/2014;55.17205047607422
08/01/2014;55.0377311706543
09/01/2014;54.48457717895508
10/01/2014;55.14043426513672
12/01/2014;73.13
13/01/2014;54.919185638427734
14/01/2014;54.832275390625
15/01/2014;55.33008575439453
16/01/2014;55.31428527832031
17/01/2014;55.21156692504883
21/01/2014;55.43281555175781
22/01/2014;55.48023223876953
23/01/2014;54.72953414916992
24/01/2014;53.82080078125
27/01/2014;53.50471115112305
28/01/2014;53.96303939819336
29/01/2014;53.36248779296875
30/01/2014;53.55213165283203
31/01/2014;53.24394989013672
01/02/2014;69.55
03/02/2014;52.200889587402344
04/02/2014;52.4537467956543
05/02/2014;52.366825103759766
06/02/2014;53.26765441894531
07/02/2014;53.8524055480957
09/02/2014;73.23
10/02/2014;53.812896728515625
11/02/2014;54.71373748779297
12/02/2014;54.8243522644043
13/02/2014;54.96659469604492
14/02/2014;55.11674118041992
18/02/2014;55.25107955932617
19/02/2014;55.28268814086914
20/02/2014;55.43281555175781
21/02/2014;55.43281555175781
24/02/2014;55.97806167602539
25/02/2014;55.7172966003418
26/02/2014;55.472328186035156
27/02/2014;55.15625762939453
28/02/2014;56.05707550048828
01/03/2014;69.55
02/03/2014;66.059998
03/03/2014;55.31428527832031
04/03/2014;56.02547836303711
05/03/2014;56.21512222290039
06/03/2014;56.570709228515625
07/03/2014;56.499610900878906
09/03/2014;73.77
10/03/2014;56.128196716308594
11/03/2014;55.55134963989258
12/03/2014;55.67778778076172
13/03/2014;55.164146423339844
14/03/2014;54.91128158569336
17/03/2014;54.91128158569336
18/03/2014;55.11674118041992
19/03/2014;55.81211471557617
20/03/2014;55.5671501159668
21/03/2014;55.30638122558594
24/03/2014;55.0930290222168
25/03/2014;55.519752502441406
26/03/2014;55.97806167602539
27/03/2014;55.274776458740234
28/03/2014;55.22736358642578
31/03/2014;56.254634857177734
01/04/2014;56.30995178222656
02/04/2014;56.46007537841797
03/04/2014;55.90693283081055
04/04/2014;55.54345703125
06/04/2014;73.28
07/04/2014;55.06932830810547
08/04/2014;55.820011138916016
09/04/2014;55.598758697509766
10/04/2014;55.53554153442383
11/04/2014;55.15625762939453
12/04/2014;73.11
14/04/2014;55.37751007080078
15/04/2014;54.919185638427734
16/04/2014;55.81211471557617
17/04/2014;56.21512222290039
21/04/2014;55.94645309448242
22/04/2014;56.341548919677734
23/04/2014;56.341548919677734
24/04/2014;56.36526107788086
25/04/2014;56.08079528808594
28/04/2014;55.503944396972656
29/04/2014;56.610225677490234
30/04/2014;55.90693283081055
01/05/2014;57.02113342285156
02/05/2014;56.33364486694336
03/05/2014;71.14
05/05/2014;56.68135070800781
06/05/2014;56.58651351928711
07/05/2014;56.15188980102539
08/05/2014;56.886783599853516
09/05/2014;56.6971435546875
11/05/2014;72.17
12/05/2014;56.81568908691406
13/05/2014;56.736656188964844
14/05/2014;57.044837951660156
15/05/2014;56.55491638183594
16/05/2014;56.15188980102539
19/05/2014;56.15188980102539
20/05/2014;56.48379135131836
21/05/2014;56.85517883300781
22/05/2014;56.74455642700195
23/05/2014;56.791961669921875
27/05/2014;57.14754867553711
28/05/2014;57.48735046386719
29/05/2014;57.645389556884766
30/05/2014;57.68490219116211
01/06/2014;68.96
02/06/2014;57.526859283447266
03/06/2014;57.88245391845703
04/06/2014;57.906150817871094
05/06/2014;58.09580993652344
06/06/2014;58.490901947021484
08/06/2014;70.75
09/06/2014;58.56201171875
10/06/2014;58.261749267578125
11/06/2014;58.15110778808594
12/06/2014;57.68490219116211
13/06/2014;57.7955322265625
16/06/2014;57.819244384765625
17/06/2014;57.96936798095703
18/06/2014;58.24594497680664
19/06/2014;58.54623031616211
20/06/2014;58.6252555847168
23/06/2014;58.52251434326172
24/06/2014;58.159019470214844
25/06/2014;58.20868682861328
26/06/2014;58.37686538696289
27/06/2014;58.37686538696289
30/06/2014;58.432926177978516
01/07/2014;58.961524963378906
02/07/2014;59.145713806152344
03/07/2014;59.36996078491211
04/07/2014;69.69
05/07/2014;71.059998
07/07/2014;58.897438049316406
08/07/2014;58.16862106323242
09/07/2014;58.65716552734375
10/07/2014;58.08054733276367
11/07/2014;58.3208122253418
14/07/2014;58.64116668701172
15/07/2014;58.713253021240234
16/07/2014;59.02558135986328
17/07/2014;58.18465042114258
18/07/2014;58.90547180175781
21/07/2014;58.777320861816406
22/07/2014;58.92146682739258
23/07/2014;59.13770294189453
24/07/2014;59.177772521972656
25/07/2014;58.897438049316406
28/07/2014;58.67319869995117
29/07/2014;58.72926712036133
30/07/2014;58.513004302978516
31/07/2014;57.47187805175781
01/08/2014;57.24761962890625
04/08/2014;57.632041931152344
05/08/2014;56.847164154052734
06/08/2014;56.66295623779297
07/08/2014;56.43071746826172
08/08/2014;56.79108810424805
09/08/2014;73.16
10/08/2014;71.080002
11/08/2014;57.04737854003906
12/08/2014;56.88720703125
13/08/2014;57.239593505859375
14/08/2014;57.608009338378906
15/08/2014;57.495880126953125
18/08/2014;58.12057876586914
19/08/2014;58.27275466918945
20/08/2014;58.33681869506836
21/08/2014;58.80134201049805
22/08/2014;58.27275466918945
25/08/2014;58.75328063964844
26/08/2014;59.00156021118164
27/08/2014;58.993560791015625
28/08/2014;58.889427185058594
29/08/2014;59.065635681152344
01/09/2014;68.95
02/09/2014;58.64917755126953
03/09/2014;59.08164978027344
04/09/2014;59.201778411865234
05/09/2014;58.825374603271484
06/09/2014;74.11
07/09/2014;73.24
08/09/2014;58.59311294555664
09/09/2014;58.416908264160156
10/09/2014;58.601131439208984
11/09/2014;58.22467803955078
12/09/2014;58.20067596435547
15/09/2014;58.04050064086914
16/09/2014;58.464969635009766
17/09/2014;58.112571716308594
18/09/2014;58.761295318603516
19/09/2014;58.761295318603516
22/09/2014;58.681190490722656
23/09/2014;57.84025573730469
24/09/2014;58.08054733276367
25/09/2014;57.53592300415039
26/09/2014;57.455848693847656
29/09/2014;57.239593505859375
30/09/2014;57.16751480102539
01/10/2014;56.73503875732422
02/10/2014;56.19843673706055
03/10/2014;56.646949768066406
04/10/2014;70.28
06/10/2014;56.3986701965332
07/10/2014;55.66986083984375
08/10/2014;56.92725372314453
09/10/2014;55.32548522949219
10/10/2014;54.868980407714844
11/10/2014;72.36
12/10/2014;71.75
13/10/2014;54.31636428833008
14/10/2014;53.9399299621582
15/10/2014;54.00400161743164
16/10/2014;53.8358154296875
17/10/2014;54.7968864440918
20/10/2014;55.101226806640625
21/10/2014;56.09433364868164
22/10/2014;55.69388961791992
23/10/2014;56.31056213378906
24/10/2014;56.1504020690918
27/10/2014;56.1904411315918
28/10/2014;57.04737854003906
29/10/2014;56.87921142578125
30/10/2014;56.89522171020508
31/10/2014;57.65605163574219
02/11/2014;69.24
03/11/2014;57.77619552612305
04/11/2014;57.52792739868164
05/11/2014;57.80022430419922
06/11/2014;57.81624221801758
07/11/2014;57.808231353759766
08/11/2014;71.23
09/11/2014;72.7
10/11/2014;57.952396392822266
11/11/2014;58.21669006347656
12/11/2014;58.08054733276367
13/11/2014;57.88832473754883
14/11/2014;58.14459991455078
17/11/2014;58.288761138916016
18/11/2014;58.44095230102539
19/11/2014;58.064517974853516
20/11/2014;58.21669006347656
21/11/2014;58.761295318603516
24/11/2014;58.761295318603516
25/11/2014;58.793331146240234
26/11/2014;58.857398986816406
28/11/2014;58.68920135498047
01/12/2014;58.569087982177734
02/12/2014;58.47297286987305
03/12/2014;58.80936050415039
04/12/2014;58.553070068359375
05/12/2014;58.777320861816406
06/12/2014;73.0
08/12/2014;58.40888977050781
09/12/2014;58.264747619628906
10/12/2014;57.46385192871094
11/12/2014;57.50390625
12/12/2014;56.61491775512695
15/12/2014;56.1904411315918
16/12/2014;55.701900482177734
17/12/2014;56.459693908691406
18/12/2014;58.07722091674805
19/12/2014;58.26325225830078
22/12/2014;58.505859375
23/12/2014;58.667625427246094
24/12/2014;58.93450927734375
26/12/2014;59.007293701171875
29/12/2014;58.83746337890625
30/12/2014;58.489688873291016
31/12/2014;57.9559326171875
02/01/2015;57.94782257080078
04/01/2015;73.17
05/01/2015;56.589107513427734
06/01/2015;55.83696365356445
07/01/2015;56.40309143066406
08/01/2015;57.65665817260742
09/01/2015;57.10671615600586
10/01/2015;66.83
12/01/2015;57.00157165527344
13/01/2015;56.59719467163086
14/01/2015;56.56484603881836
15/01/2015;56.17662811279297
16/01/2015;56.92878341674805
20/01/2015;57.219932556152344
21/01/2015;57.11481475830078
22/01/2015;57.826534271240234
23/01/2015;57.45448684692383
26/01/2015;58.17427444458008
27/01/2015;58.004451751708984
28/01/2015;57.195674896240234
29/01/2015;57.05819320678711
30/01/2015;56.508235931396484
01/02/2015;71.65
02/02/2015;57.503021240234375
03/02/2015;57.98017883300781
04/02/2015;57.600059509277344
05/02/2015;58.238990783691406
06/02/2015;58.0853271484375
07/02/2015;72.94
09/02/2015;57.664756774902344
10/02/2015;58.2227897644043
11/02/2015;58.2227897644043
12/02/2015;58.7889404296875
13/02/2015;59.039669036865234
17/02/2015;59.56534957885742
18/02/2015;59.816070556640625
19/02/2015;59.64622497558594
20/02/2015;60.018245697021484
23/02/2015;60.15575408935547
24/02/2015;60.543968200683594
25/02/2015;60.48733139038086
26/02/2015;60.285152435302734
27/02/2015;60.285152435302734
02/03/2015;60.422637939453125
03/03/2015;60.091041564941406
04/03/2015;59.913116455078125
05/03/2015;59.8403205871582
06/03/2015;59.05583190917969
08/03/2015;73.86
09/03/2015;59.36315155029297
10/03/2015;58.16618347167969
11/03/2015;58.23088455200195
12/03/2015;58.86172103881836
13/03/2015;58.54631042480469
16/03/2015;59.24184799194336
17/03/2015;59.08010482788086
18/03/2015;60.11530685424805
19/03/2015;59.59771728515625
20/03/2015;60.50350570678711
23/03/2015;60.72997283935547
24/03/2015;60.50350570678711
25/03/2015;60.018245697021484
26/03/2015;59.31461715698242
27/03/2015;59.355079650878906
30/03/2015;59.52490997314453
31/03/2015;59.419769287109375
01/04/2015;59.17715835571289
02/04/2015;59.57344436645508
03/04/2015;74.080002
05/04/2015;75.83
06/04/2015;60.32558059692383
07/04/2015;59.94547653198242
08/04/2015;60.11530685424805
09/04/2015;60.05869674682617
10/04/2015;60.59247589111328
11/04/2015;71.95
12/04/2015;72.07
13/04/2015;60.25279998779297
14/04/2015;60.48733139038086
15/04/2015;60.527774810791016
16/04/2015;60.64907455444336
17/04/2015;60.00209045410156
20/04/2015;60.65717315673828
21/04/2015;60.43072509765625
22/04/2015;60.63292694091797
23/04/2015;60.89980697631836
24/04/2015;61.15861511230469
27/04/2015;61.09392547607422
28/04/2015;61.19905090332031
29/04/2015;60.76230239868164
30/04/2015;60.47925567626953
01/05/2015;60.69762420654297
02/05/2015;72.010002
03/05/2015;73.99
04/05/2015;61.32845687866211
05/05/2015;60.543968200683594
06/05/2015;60.26087951660156
07/05/2015;60.48733139038086
08/05/2015;61.31228256225586
10/05/2015;69.27
11/05/2015;61.20712661743164
12/05/2015;60.867462158203125
13/05/2015;61.24755859375
14/05/2015;61.70048141479492
15/05/2015;61.85416030883789
18/05/2015;61.3365478515625
19/05/2015;62.452632904052734
20/05/2015;61.95119857788086
21/05/2015;62.121036529541016
22/05/2015;62.007808685302734
26/05/2015;61.110084533691406
27/05/2015;61.55491638183594
28/05/2015;61.20712661743164
29/05/2015;60.73805618286133
01/06/2015;61.01304244995117
02/06/2015;61.22330093383789
03/06/2015;61.110084533691406
04/06/2015;60.50350570678711
05/06/2015;60.43882369995117
07/06/2015;72.0
08/06/2015;60.034427642822266
09/06/2015;60.09912872314453
10/06/2015;61.01304244995117
11/06/2015;61.07772445678711
12/06/2015;60.65717315673828
15/06/2015;60.32558059692383
16/06/2015;60.471160888671875
17/06/2015;60.66525650024414
18/06/2015;60.568214416503906
19/06/2015;60.96450424194336
22/06/2015;61.03729248046875
23/06/2015;61.13434600830078
24/06/2015;60.62484359741211
25/06/2015;60.53153610229492
26/06/2015;60.752506256103516
29/06/2015;59.115631103515625
30/06/2015;59.09107208251953
01/07/2015;59.57395935058594
02/07/2015;59.69672393798828
04/07/2015;74.12
05/07/2015;74.79
06/07/2015;58.92738723754883
07/07/2015;59.13200378417969
08/07/2015;57.527870178222656
09/07/2015;58.65730285644531
10/07/2015;59.75401306152344
12/07/2015;71.52
13/07/2015;59.811302185058594
14/07/2015;60.32692337036133
15/07/2015;60.33509826660156
16/07/2015;60.80979537963867
17/07/2015;60.79340744018555
20/07/2015;60.63792037963867
21/07/2015;60.5069694519043
22/07/2015;60.18778610229492
23/07/2015;60.40058898925781
24/07/2015;59.655792236328125
27/07/2015;59.07469940185547
28/07/2015;60.13048553466797
29/07/2015;60.441497802734375
30/07/2015;60.523345947265625
31/07/2015;60.64611053466797
01/08/2015;71.29
03/08/2015;60.449676513671875
04/08/2015;60.40058898925781
05/08/2015;60.629737854003906
06/08/2015;59.983184814453125
07/08/2015;60.08140182495117
09/08/2015;68.92
10/08/2015;60.54789733886719
11/08/2015;60.20415496826172
12/08/2015;59.70490646362305
13/08/2015;59.655792236328125
14/08/2015;59.71308898925781
17/08/2015;59.86042022705078
18/08/2015;59.93406677246094
19/08/2015;59.2629508972168
20/08/2015;57.855255126953125
21/08/2015;56.111976623535156
24/08/2015;55.21988296508789
25/08/2015;54.327789306640625
26/08/2015;55.727298736572266
27/08/2015;57.17594528198242
28/08/2015;57.19230651855469
31/08/2015;56.66032409667969
01/09/2015;54.97434997558594
02/09/2015;55.841880798339844
03/09/2015;55.75187683105469
04/09/2015;54.74519348144531
06/09/2015;74.31
07/09/2015;71.67
08/09/2015;56.40660095214844
09/09/2015;55.65363693237305
10/09/2015;55.768226623535156
11/09/2015;55.727298736572266
12/09/2015;70.43
14/09/2015;55.62090301513672
15/09/2015;56.161075592041016
16/09/2015;56.73399353027344
17/09/2015;56.7421760559082
18/09/2015;55.784603118896484
21/09/2015;55.7354850769043
22/09/2015;54.818843841552734
23/09/2015;54.83521270751953
24/09/2015;54.84340286254883
25/09/2015;55.293540954589844
28/09/2015;53.39476013183594
29/09/2015;53.2147102355957
30/09/2015;54.646968841552734
01/10/2015;54.69607925415039
02/10/2015;55.13803482055664
03/10/2015;71.92
04/10/2015;74.92
05/10/2015;56.69306182861328
06/10/2015;56.57029724121094
07/10/2015;57.06135940551758
08/10/2015;57.151397705078125
09/10/2015;57.30687713623047
11/10/2015;71.17
12/10/2015;57.28232192993164
13/10/2015;56.73399353027344
14/10/2015;56.9222297668457
15/10/2015;57.855255126953125
16/10/2015;57.855255126953125
19/10/2015;57.748844146728516
20/10/2015;57.8224983215332
21/10/2015;57.29869842529297
22/10/2015;58.15805435180664
23/10/2015;58.55908966064453
26/10/2015;58.509986877441406
27/10/2015;58.41997146606445
28/10/2015;58.567283630371094
29/10/2015;58.992855072021484
30/10/2015;58.452701568603516
02/11/2015;58.93558883666992
03/11/2015;59.115631103515625
04/11/2015;58.886478424072266
05/11/2015;59.10744094848633
06/11/2015;58.747337341308594
08/11/2015;73.56
09/11/2015;58.13350296020508
10/11/2015;58.24809265136719
11/11/2015;58.1826171875
12/11/2015;57.46239471435547
13/11/2015;57.06135940551758
16/11/2015;57.92890167236328
17/11/2015;57.994380950927734
18/11/2015;58.53453826904297
19/11/2015;58.55908966064453
20/11/2015;58.78826904296875
23/11/2015;58.42815399169922
24/11/2015;58.69004821777344
25/11/2015;58.673683166503906
27/11/2015;58.49361801147461
30/11/2015;58.616397857666016
01/12/2015;58.97648239135742
02/12/2015;58.673683166503906
03/12/2015;58.117130279541016
04/12/2015;58.984676361083984
05/12/2015;75.26
06/12/2015;75.0
07/12/2015;58.53453826904297
08/12/2015;57.97800827026367
09/12/2015;57.6424446105957
10/12/2015;57.67518615722656
11/12/2015;56.57847595214844
14/12/2015;56.7421760559082
15/12/2015;57.24142074584961
16/12/2015;57.92890167236328
17/12/2015;57.29869842529297
18/12/2015;56.545753479003906
21/12/2015;56.79313278198242
22/12/2015;57.347503662109375
23/12/2015;58.249366760253906
24/12/2015;57.91839599609375
28/12/2015;57.9846076965332
29/12/2015;58.5803337097168
30/12/2015;57.92668533325195
31/12/2015;57.58745193481445
02/01/2016;65.39
03/01/2016;66.49
04/01/2016;56.76004409790039
05/01/2016;56.36290740966797
06/01/2016;55.7092399597168
07/01/2016;53.905494689941406
08/01/2016;53.624168395996094
09/01/2016;72.64
11/01/2016;53.70692443847656
12/01/2016;54.0130500793457
13/01/2016;52.87950897216797
14/01/2016;53.79793167114258
15/01/2016;52.07691955566406
19/01/2016;52.39133071899414
20/01/2016;51.7046012878418
21/01/2016;51.87834930419922
22/01/2016;53.11117935180664
25/01/2016;52.300323486328125
26/01/2016;53.235286712646484
27/01/2016;52.78849792480469
28/01/2016;53.01189041137695
29/01/2016;54.07096481323242
01/02/2016;54.10407257080078
02/02/2016;52.98706817626953
03/02/2016;53.35940933227539
04/02/2016;53.417327880859375
05/02/2016;52.40788269042969
06/02/2016;70.86
08/02/2016;51.63840103149414
09/02/2016;51.1419677734375
10/02/2016;51.19988250732422
11/02/2016;50.65379333496094
12/02/2016;51.40673065185547
16/02/2016;52.56509780883789
17/02/2016;53.38423156738281
18/02/2016;53.37595748901367
19/02/2016;53.210472106933594
22/02/2016;53.78965759277344
23/02/2016;53.07807922363281
24/02/2016;53.22702407836914
25/02/2016;53.88894271850586
26/02/2016;53.847572326660156
29/02/2016;53.75655746459961
01/03/2016;55.01420974731445
02/03/2016;55.26243591308594
03/03/2016;55.576847076416016
04/03/2016;56.098121643066406
05/03/2016;70.080002
06/03/2016;71.16
07/03/2016;55.89954376220703
08/03/2016;55.26243591308594
09/03/2016;55.68441390991211
10/03/2016;55.46928405761719
11/03/2016;56.77659225463867
14/03/2016;56.56147003173828
15/03/2016;56.420806884765625
16/03/2016;56.82624435424805
17/03/2016;57.16547393798828
18/03/2016;57.19029998779297
21/03/2016;57.21511459350586
22/03/2016;57.2647590637207
23/03/2016;56.569740295410156
24/03/2016;56.652488708496094
28/03/2016;56.81796646118164
29/03/2016;57.372318267822266
30/03/2016;57.71983337402344
31/03/2016;57.39714813232422
01/04/2016;57.25647735595703
02/04/2016;64.56
03/04/2016;67.8
04/04/2016;57.107547760009766
05/04/2016;56.32151412963867
06/04/2016;57.16547393798828
07/04/2016;56.37116622924805
08/04/2016;57.04964828491211
10/04/2016;72.26
11/04/2016;56.80142593383789
12/04/2016;57.43851089477539
13/04/2016;58.30729293823242
14/04/2016;58.340389251708984
15/04/2016;58.158355712890625
18/04/2016;58.53069305419922
19/04/2016;59.14297103881836
20/04/2016;59.30018615722656
21/04/2016;58.82855987548828
22/04/2016;59.068511962890625
25/04/2016;58.70444869995117
26/04/2016;58.820281982421875
27/04/2016;58.9692268371582
28/04/2016;58.381752014160156
29/04/2016;58.00943374633789
01/05/2016;68.12
02/05/2016;58.77891540527344
03/05/2016;57.9846076965332
04/05/2016;57.30612564086914
05/05/2016;57.36406326293945
06/05/2016;57.30612564086914
07/05/2016;68.7
08/05/2016;72.089996
09/05/2016;57.58745193481445
10/05/2016;58.216270446777344
11/05/2016;57.678462982177734
12/05/2016;57.81085968017578
13/05/2016;57.124107360839844
16/05/2016;58.02595901489258
17/05/2016;57.2647590637207
18/05/2016;57.38059997558594
19/05/2016;57.14892578125
20/05/2016;57.47160720825195
23/05/2016;57.43851089477539
24/05/2016;58.08388900756836
25/05/2016;58.646522521972656
26/05/2016;58.51414108276367
27/05/2016;58.605167388916016
31/05/2016;58.481048583984375
01/06/2016;58.57206726074219
02/06/2016;58.62997817993164
03/06/2016;58.87822341918945
04/06/2016;69.089996
05/06/2016;69.26
06/06/2016;59.04368591308594
07/06/2016;59.30845642089844
08/06/2016;59.59805679321289
09/06/2016;59.09333038330078
10/06/2016;58.07564163208008
12/06/2016;72.84
13/06/2016;57.703277587890625
14/06/2016;57.24821472167969
15/06/2016;57.39714813232422
16/06/2016;57.479888916015625
17/06/2016;57.620540618896484
20/06/2016;58.45623016357422
21/06/2016;58.646522521972656
22/06/2016;58.561981201171875
23/06/2016;59.82613754272461
24/06/2016;56.4857292175293
27/06/2016;55.221553802490234
28/06/2016;56.301544189453125
29/06/2016;57.540584564208984
30/06/2016;58.042930603027344
01/07/2016;58.20198440551758
03/07/2016;67.56
04/07/2016;68.13
05/07/2016;57.51546859741211
06/07/2016;57.64942169189453
07/07/2016;57.51546859741211
08/07/2016;58.40290069580078
09/07/2016;73.52
10/07/2016;71.99
11/07/2016;58.81313705444336
12/07/2016;59.499610900878906
13/07/2016;59.574989318847656
14/07/2016;59.82613754272461
15/07/2016;59.650333404541016
18/07/2016;59.78427505493164
19/07/2016;59.700557708740234
20/07/2016;59.87636947631836
21/07/2016;59.82613754272461
22/07/2016;59.96846389770508
25/07/2016;59.909854888916016
26/07/2016;60.01869583129883
27/07/2016;59.834510803222656
28/07/2016;60.110782623291016
29/07/2016;60.45402908325195
01/08/2016;60.186153411865234
02/08/2016;59.926605224609375
03/08/2016;59.775917053222656
04/08/2016;59.926605224609375
05/08/2016;60.35356140136719
06/08/2016;72.029999
07/08/2016;69.76
08/08/2016;60.48752212524414
09/08/2016;60.755428314208984
10/08/2016;60.60472106933594
11/08/2016;61.09030532836914
12/08/2016;61.05681610107422
15/08/2016;61.224266052246094
16/08/2016;61.048439025878906
17/08/2016;61.10704803466797
18/08/2016;61.27450180053711
19/08/2016;61.05681610107422
22/08/2016;60.947994232177734
23/08/2016;61.25775146484375
24/08/2016;60.989837646484375
25/08/2016;60.7052001953125
26/08/2016;60.579612731933594
29/08/2016;60.89775085449219
30/08/2016;60.7637825012207
31/08/2016;60.65495300292969
01/09/2016;60.814022064208984
02/09/2016;61.17403030395508
03/09/2016;67.3
05/09/2016;69.6
06/09/2016;61.60099792480469
07/09/2016;61.55077362060547
08/09/2016;61.43354797363281
09/09/2016;59.94335174560547
11/09/2016;71.69
12/09/2016;60.65495300292969
13/09/2016;59.52474594116211
14/09/2016;59.50801467895508
15/09/2016;59.87636947631836
16/09/2016;59.69218444824219
19/09/2016;59.775917053222656
20/09/2016;59.608463287353516
21/09/2016;60.69682693481445
22/09/2016;61.07356262207031
23/09/2016;60.680091857910156
26/09/2016;60.11916732788086
27/09/2016;60.46240234375
28/09/2016;60.85587692260742
29/09/2016;60.320091247558594
30/09/2016;60.830772399902344
02/10/2016;61.88
03/10/2016;60.546142578125
04/10/2016;60.49589157104492
05/10/2016;60.747066497802734
06/10/2016;60.47078323364258
07/10/2016;60.269859313964844
08/10/2016;72.39
10/10/2016;60.62983703613281
11/10/2016;59.81775665283203
12/10/2016;59.775917053222656
13/10/2016;59.608463287353516
14/10/2016;59.54986572265625
17/10/2016;59.44940948486328
18/10/2016;59.96846389770508
19/10/2016;60.11916732788086
20/10/2016;60.09404373168945
21/10/2016;59.98521423339844
24/10/2016;60.135894775390625
25/10/2016;60.08566665649414
26/10/2016;59.85124588012695
27/10/2016;59.73405075073242
28/10/2016;59.717315673828125
31/10/2016;59.54151153564453
01/11/2016;59.29034423828125
02/11/2016;58.871726989746094
03/11/2016;58.58708953857422
04/11/2016;59.11033821105957
05/11/2016;69.71
07/11/2016;59.63358688354492
08/11/2016;59.717315673828125
09/11/2016;60.01869583129883
10/11/2016;60.027076721191406
11/11/2016;59.801029205322266
14/11/2016;59.72565841674805
15/11/2016;59.99358367919922
16/11/2016;59.75917053222656
17/11/2016;60.17774963378906
18/11/2016;59.89311981201172
21/11/2016;60.3619499206543
22/11/2016;60.37031936645508
23/11/2016;60.3452033996582
25/11/2016;60.546142578125
28/11/2016;60.403804779052734
29/11/2016;60.47077941894531
30/11/2016;60.53775405883789
01/12/2016;60.491703033447266
02/12/2016;60.44565200805664
04/12/2016;69.42
05/12/2016;60.67170715332031
06/12/2016;60.981475830078125
07/12/2016;61.85215377807617
08/12/2016;61.977745056152344
09/12/2016;62.120052337646484
10/12/2016;71.4
12/12/2016;62.08659362792969
13/12/2016;62.614013671875
14/12/2016;61.977745056152344
15/12/2016;62.128440856933594
16/12/2016;61.894020080566406
19/12/2016;62.078208923339844
20/12/2016;62.32936477661133
21/12/2016;62.18392562866211
22/12/2016;61.98942565917969
23/12/2016;62.2261848449707
27/12/2016;62.18392562866211
28/12/2016;61.86259841918945
29/12/2016;61.997894287109375
30/12/2016;61.794944763183594
02/01/2017;75.24
03/01/2017;62.36996078491211
04/01/2017;62.90266799926758
05/01/2017;63.11404800415039
06/01/2017;63.24089050292969
08/01/2017;82.76
09/01/2017;62.92803192138672
10/01/2017;63.02105712890625
11/01/2017;63.063331604003906
12/01/2017;63.19015884399414
13/01/2017;63.36772537231445
17/01/2017;63.19015884399414
18/01/2017;63.029502868652344
19/01/2017;62.9703254699707
20/01/2017;63.11404800415039
23/01/2017;63.13097381591797
24/01/2017;63.503013610839844
25/01/2017;63.98500442504883
26/01/2017;63.942710876464844
27/01/2017;63.89198684692383
30/01/2017;63.477638244628906
31/01/2017;63.51149368286133
01/02/2017;63.621421813964844
02/02/2017;63.63831329345703
03/02/2017;63.91735076904297
05/02/2017;79.46
06/02/2017;63.77360153198242
07/02/2017;63.74824142456055
08/02/2017;63.85814666748047
09/02/2017;64.09492492675781
10/02/2017;64.25558471679688
11/02/2017;86.080002
13/02/2017;64.56844329833984
14/02/2017;64.79676055908203
15/02/2017;64.92359161376953
16/02/2017;65.08426666259766
17/02/2017;65.01659393310547
21/02/2017;65.27873229980469
22/02/2017;65.33792877197266
23/02/2017;65.27873229980469
24/02/2017;65.27873229980469
27/02/2017;65.3210220336914
28/02/2017;65.1772689819336
01/03/2017;65.87065887451172
02/03/2017;65.4478530883789
03/03/2017;65.6677017211914
04/03/2017;77.84
05/03/2017;79.39
06/03/2017;65.4563217163086
07/03/2017;65.24492645263672
08/03/2017;65.04195404052734
09/03/2017;65.11808776855469
10/03/2017;65.49014282226562
11/03/2017;86.050003
13/03/2017;65.7607192993164
14/03/2017;65.2364501953125
15/03/2017;65.95521545410156
16/03/2017;66.2088851928711
17/03/2017;66.05668640136719
20/03/2017;65.9805679321289
21/03/2017;65.27027893066406
22/03/2017;65.63387298583984
23/03/2017;65.43940734863281
24/03/2017;65.53240966796875
27/03/2017;65.48165893554688
28/03/2017;66.00593566894531
29/03/2017;65.94674682617188
30/03/2017;66.08203887939453
31/03/2017;65.84528350830078
01/04/2017;74.39
03/04/2017;65.81990814208984
04/04/2017;65.71844482421875
05/04/2017;65.60850524902344
06/04/2017;65.642333984375
07/04/2017;65.6677017211914
08/04/2017;82.62
10/04/2017;65.68460845947266
11/04/2017;65.80299377441406
12/04/2017;65.60850524902344
13/04/2017;65.59160232543945
17/04/2017;65.57469940185547
18/04/2017;65.32948303222656
19/04/2017;65.27027893066406
20/04/2017;65.6677017211914
21/04/2017;65.60006713867188
24/04/2017;66.69932556152344
25/04/2017;67.11365509033203
26/04/2017;67.01217651367188
27/04/2017;66.96145629882812
28/04/2017;66.95299530029297
01/05/2017;67.15591430664062
02/05/2017;67.18974304199219
03/05/2017;67.13056945800781
04/05/2017;67.35041046142578
05/05/2017;67.71401977539062
06/05/2017;81.6
07/05/2017;80.43
08/05/2017;67.59562683105469
09/05/2017;67.56180572509766
10/05/2017;67.59562683105469
11/05/2017;67.45186614990234
12/05/2017;67.50262451171875
15/05/2017;67.94231414794922
16/05/2017;68.1114501953125
17/05/2017;67.02909851074219
18/05/2017;67.14749145507812
19/05/2017;67.72246551513672
22/05/2017;68.1875228881836
23/05/2017;68.06069946289062
24/05/2017;68.36509704589844
25/05/2017;68.39048767089844
26/05/2017;68.39048767089844
30/05/2017;68.49193572998047
31/05/2017;68.34819030761719
01/06/2017;68.88091278076172
02/06/2017;69.2191390991211
03/06/2017;77.41
04/06/2017;77.63
05/06/2017;68.99929809570312
06/06/2017;68.85554504394531
07/06/2017;68.88936614990234
08/06/2017;68.9231948852539
09/06/2017;68.8048095703125
10/06/2017;84.73
11/06/2017;86.38
12/06/2017;68.67797088623047
13/06/2017;69.05847930908203
14/06/2017;68.88091278076172
15/06/2017;68.50885772705078
16/06/2017;68.8978271484375
19/06/2017;69.32906341552734
20/06/2017;68.7251205444336
21/06/2017;68.60552215576172
22/06/2017;68.60552215576172
23/06/2017;68.8276138305664
26/06/2017;68.89595794677734
27/06/2017;68.60552215576172
28/06/2017;69.10953521728516
29/06/2017;68.59696960449219
30/06/2017;68.62258911132812
02/07/2017;75.39
03/07/2017;68.6567611694336
04/07/2017;77.66
05/07/2017;68.70802307128906
06/07/2017;68.63541030883789
07/07/2017;68.56279754638672
08/07/2017;82.72
09/07/2017;82.56
10/07/2017;68.68238830566406
11/07/2017;68.71656799316406
12/07/2017;69.16077423095703
13/07/2017;69.40850830078125
14/07/2017;69.76730346679688
17/07/2017;69.62207794189453
18/07/2017;69.76730346679688
19/07/2017;70.10045623779297
20/07/2017;70.27986907958984
21/07/2017;69.9894027709961
24/07/2017;69.95523834228516
25/07/2017;70.22005462646484
26/07/2017;70.39091491699219
27/07/2017;70.16024780273438
28/07/2017;70.24568939208984
31/07/2017;70.28841400146484
01/08/2017;70.69844055175781
02/08/2017;70.52758026123047
03/08/2017;70.49342346191406
04/08/2017;70.578857421875
05/08/2017;79.94
06/08/2017;81.51
07/08/2017;70.66427612304688
08/08/2017;70.39945220947266
09/08/2017;70.35674285888672
10/08/2017;69.35726928710938
11/08/2017;69.25474548339844
12/08/2017;87.58
14/08/2017;69.94668579101562
15/08/2017;69.83563995361328
16/08/2017;70.07483673095703
17/08/2017;69.15223693847656
18/08/2017;69.17786407470703
21/08/2017;69.15223693847656
22/08/2017;69.79290771484375
23/08/2017;69.66480255126953
24/08/2017;69.51102447509766
25/08/2017;69.69896697998047
28/08/2017;69.7074966430664
29/08/2017;69.7331314086914
30/08/2017;69.79290771484375
31/08/2017;70.34819793701172
01/09/2017;70.40798950195312
02/09/2017;75.8
03/09/2017;77.010002
05/09/2017;69.9894027709961
06/09/2017;70.23713684082031
07/09/2017;70.52758026123047
08/09/2017;70.45925903320312
10/09/2017;84.61
11/09/2017;71.1426773071289
12/09/2017;71.27079772949219
13/09/2017;71.21957397460938
14/09/2017;71.30496978759766
15/09/2017;71.36476135253906
18/09/2017;71.42455291748047
19/09/2017;71.5441665649414
20/09/2017;71.67227935791016
21/09/2017;71.40747833251953
22/09/2017;71.62103271484375
25/09/2017;71.35623168945312
26/09/2017;71.2964096069336
27/09/2017;71.63813018798828
28/09/2017;71.5527114868164
29/09/2017;71.83460998535156
01/10/2017;74.53
02/10/2017;72.11650848388672
03/10/2017;72.20194244384766
04/10/2017;72.30445861816406
05/10/2017;72.3428955078125
06/10/2017;72.38133239746094
07/10/2017;80.4
08/10/2017;81.19
09/10/2017;72.50519943237305
10/10/2017;72.62906646728516
11/10/2017;72.86827087402344
12/10/2017;72.8255615234375
13/10/2017;73.00495910644531
16/10/2017;73.03911590576172
17/10/2017;73.04765319824219
18/10/2017;73.09891510009766
19/10/2017;73.1159896850586
20/10/2017;73.26123046875
23/10/2017;73.2014389038086
24/10/2017;73.18433380126953
25/10/2017;72.79991912841797
26/10/2017;72.91950225830078
27/10/2017;73.18433380126953
30/10/2017;73.14161682128906
31/10/2017;73.3637466430664
01/11/2017;73.37227630615234
02/11/2017;73.53457641601562
03/11/2017;73.50894927978516
04/11/2017;77.82
05/11/2017;79.77
06/11/2017;73.79086303710938
07/11/2017;73.63709259033203
08/11/2017;73.87629699707031
09/11/2017;73.44914245605469
10/11/2017;73.43208312988281
12/11/2017;87.72
13/11/2017;73.2868423461914
14/11/2017;73.12454986572266
15/11/2017;72.83409118652344
16/11/2017;73.44914245605469
17/11/2017;73.27830505371094
20/11/2017;73.38935089111328
21/11/2017;73.85064697265625
22/11/2017;73.88481903076172
24/11/2017;74.2179946899414
27/11/2017;74.0129623413086
28/11/2017;74.57677459716797
29/11/2017;74.39736938476562
30/11/2017;74.79888916015625
01/12/2017;74.6707534790039
04/12/2017;74.48280334472656
05/12/2017;74.31197357177734
06/12/2017;74.29487609863281
07/12/2017;74.47425079345703
08/12/2017;74.81597137451172
09/12/2017;83.43
10/12/2017;85.25
11/12/2017;74.93556213378906
12/12/2017;75.18331146240234
13/12/2017;75.17473602294922
14/12/2017;74.99536895751953
15/12/2017;75.13203430175781
18/12/2017;75.84963989257812
19/12/2017;75.70733642578125
20/12/2017;75.60386657714844
21/12/2017;75.80220794677734
22/12/2017;75.96603393554688
26/12/2017;75.87981414794922
27/12/2017;75.98329162597656
28/12/2017;76.12123107910156
29/12/2017;75.97465515136719
02/01/2018;76.5523681640625
03/01/2018;77.00938415527344
04/01/2018;77.35429382324219
05/01/2018;77.96649932861328
06/01/2018;89.32
08/01/2018;77.77680206298828
09/01/2018;77.95787811279297
10/01/2018;77.77680206298828
11/01/2018;78.32003784179688
12/01/2018;79.02706909179688
16/01/2018;78.88912963867188
17/01/2018;79.36338806152344
18/01/2018;79.21678924560547
19/01/2018;79.57893371582031
22/01/2018;80.13078308105469
23/01/2018;80.38948059082031
24/01/2018;80.54469299316406
25/01/2018;80.43257141113281
26/01/2018;80.51449203491211
29/01/2018;80.5964126586914
30/01/2018;79.77726745605469
31/01/2018;79.91522979736328
01/02/2018;79.90660858154297
02/02/2018;78.22516632080078
03/02/2018;87.75
04/02/2018;85.29
05/02/2018;74.93130493164062
06/02/2018;76.32820129394531
07/02/2018;75.79359436035156
08/02/2018;73.31886291503906
09/02/2018;74.28459930419922
10/02/2018;91.73
11/02/2018;85.78
12/02/2018;75.1296157836914
13/02/2018;75.25897216796875
14/02/2018;76.4661636352539
15/02/2018;77.16458892822266
16/02/2018;77.33705139160156
20/02/2018;76.74207305908203
21/02/2018;76.26781463623047
22/02/2018;76.47477722167969
23/02/2018;77.5526123046875
26/02/2018;78.28555297851562
27/02/2018;77.1473388671875
28/02/2018;76.431640625
01/03/2018;75.42279815673828
02/03/2018;75.66423034667969
04/03/2018;86.12
05/03/2018;76.44890594482422
06/03/2018;76.65584564208984
07/03/2018;76.68170928955078
08/03/2018;76.95764923095703
09/03/2018;77.84577941894531
10/03/2018;91.89
12/03/2018;77.92337036132812
13/03/2018;77.38015747070312
14/03/2018;77.25944519042969
15/03/2018;77.18182373046875
16/03/2018;77.1904525756836
19/03/2018;76.33683013916016
20/03/2018;76.38854217529297
21/03/2018;76.38854217529297
22/03/2018;74.68988037109375
23/03/2018;73.49993896484375
26/03/2018;75.1554946899414
27/03/2018;74.01730346679688
28/03/2018;74.12077331542969
29/03/2018;75.1296157836914
01/04/2018;89.71
02/04/2018;73.54306030273438
03/04/2018;74.25875091552734
04/04/2018;74.81922912597656
05/04/2018;75.42279815673828
06/04/2018;74.29322052001953
09/04/2018;74.71572875976562
10/04/2018;75.79359436035156
11/04/2018;75.42279815673828
12/04/2018;75.90567779541016
13/04/2018;75.70733642578125
16/04/2018;76.1988296508789
17/04/2018;76.90591430664062
18/04/2018;77.07836151123047
19/04/2018;76.63859558105469
20/04/2018;76.11261749267578
23/04/2018;76.06089782714844
24/04/2018;75.3710708618164
25/04/2018;75.31932830810547
26/04/2018;76.06089782714844
27/04/2018;76.05223846435547
30/04/2018;75.69010162353516
01/05/2018;75.70733642578125
02/05/2018;75.30209350585938
03/05/2018;75.4055404663086
04/05/2018;75.94878387451172
06/05/2018;89.63
07/05/2018;76.20747375488281
08/05/2018;76.13849639892578
09/05/2018;76.68170928955078
10/05/2018;77.31118774414062
11/05/2018;77.4836196899414
14/05/2018;77.67333221435547
15/05/2018;77.07836151123047
16/05/2018;77.31980895996094
17/05/2018;77.39741516113281
18/05/2018;77.1473388671875
21/05/2018;77.6043472290039
22/05/2018;77.51813507080078
23/05/2018;77.22492980957031
24/05/2018;77.07836151123047
25/05/2018;76.85415649414062
29/05/2018;75.76770782470703
30/05/2018;76.7334213256836
31/05/2018;76.19021606445312
01/06/2018;77.01800537109375
02/06/2018;88.52
03/06/2018;88.9
04/06/2018;77.29393005371094
05/06/2018;77.28528594970703
06/06/2018;77.99236297607422
07/06/2018;77.7423095703125
08/06/2018;78.02685546875
09/06/2018;90.13
11/06/2018;78.23381042480469
12/06/2018;78.19931030273438
13/06/2018;77.99236297607422
14/06/2018;78.06135559082031
15/06/2018;77.92337036132812
18/06/2018;77.56987762451172
19/06/2018;77.19731903076172
20/06/2018;77.30200958251953
21/06/2018;76.84830474853516
22/06/2018;77.21476745605469
25/06/2018;76.20267486572266
26/06/2018;76.30735778808594
27/06/2018;75.64427185058594
28/06/2018;76.05433654785156
29/06/2018;76.30735778808594
02/07/2018;76.15904998779297
03/07/2018;75.8624038696289
05/07/2018;76.6563720703125
06/07/2018;77.25836944580078
08/07/2018;90.74
09/07/2018;77.79059600830078
10/07/2018;78.08724212646484
11/07/2018;77.11878204345703
12/07/2018;77.82548522949219
13/07/2018;77.99124908447266
16/07/2018;77.81678009033203
17/07/2018;78.06105041503906
18/07/2018;78.27918243408203
19/07/2018;77.9127426147461
20/07/2018;78.13957977294922
23/07/2018;78.14832305908203
24/07/2018;78.49729919433594
25/07/2018;79.10803985595703
26/07/2018;78.97716522216797
27/07/2018;78.58454895019531
30/07/2018;78.34898376464844
31/07/2018;78.60198974609375
01/08/2018;78.37516021728516
02/08/2018;78.5496597290039
03/08/2018;78.76777648925781
05/08/2018;88.3
06/08/2018;78.84630584716797
07/08/2018;79.16912078857422
08/08/2018;79.21273803710938
09/08/2018;78.92481994628906
10/08/2018;78.0348892211914
11/08/2018;87.58
13/08/2018;77.78186798095703
14/08/2018;78.06105041503906
15/08/2018;77.35435485839844
16/08/2018;77.89527130126953
17/08/2018;78.17446899414062
20/08/2018;78.50604248046875
21/08/2018;78.87248229980469
22/08/2018;78.97716522216797
23/08/2018;78.75904083251953
24/08/2018;79.14293670654297
27/08/2018;79.89326477050781
28/08/2018;79.83219909667969
29/08/2018;80.26844024658203
30/08/2018;79.88455963134766
31/08/2018;79.50065612792969
01/09/2018;90.41
02/09/2018;86.15
03/09/2018;90.28
04/09/2018;79.18656921386719
05/09/2018;78.79393768310547
06/09/2018;78.63689422607422
07/09/2018;78.2442855834961
08/09/2018;90.46
10/09/2018;78.45366668701172
11/09/2018;78.7416000366211
12/09/2018;78.92481994628906
13/09/2018;79.4395980834961
14/09/2018;79.491943359375
17/09/2018;79.21273803710938
18/09/2018;79.65769958496094
19/09/2018;79.96305847167969
20/09/2018;80.71340942382812
21/09/2018;80.70467376708984
24/09/2018;80.38186645507812
25/09/2018;80.3033447265625
26/09/2018;80.3382568359375
27/09/2018;80.3033447265625
28/09/2018;80.09394073486328
01/10/2018;80.38186645507812
02/10/2018;80.03289031982422
03/10/2018;80.1724624633789
04/10/2018;79.28252410888672
05/10/2018;78.96845245361328
07/10/2018;89.5
08/10/2018;78.62818145751953
09/10/2018;78.48857116699219
10/10/2018;76.46441650390625
11/10/2018;74.92884826660156
12/10/2018;75.76643371582031
15/10/2018;75.32146453857422
16/10/2018;76.8395767211914
17/10/2018;76.64762878417969
18/10/2018;75.55703735351562
19/10/2018;75.66171264648438
22/10/2018;75.47852325439453
23/10/2018;74.85033416748047
24/10/2018;72.660400390625
25/10/2018;73.82951354980469
26/10/2018;72.80870056152344
29/10/2018;72.46842956542969
30/10/2018;73.50670623779297
31/10/2018;74.37918853759766
01/11/2018;75.09463500976562
02/11/2018;74.84159088134766
04/11/2018;87.47
05/11/2018;75.18186950683594
06/11/2018;75.53086853027344
07/11/2018;76.90066528320312
08/11/2018;76.4120864868164
09/11/2018;75.97583770751953
10/11/2018;85.88
12/11/2018;74.42281341552734
13/11/2018;74.61475372314453
14/11/2018;74.16979217529297
15/11/2018;74.73690795898438
16/11/2018;74.91139221191406
19/11/2018;73.95167541503906
20/11/2018;72.6255111694336
21/11/2018;73.24495697021484
23/11/2018;72.660400390625
26/11/2018;73.55032348632812
27/11/2018;73.67247772216797
28/11/2018;75.2952880859375
29/11/2018;75.06845092773438
30/11/2018;75.21675872802734
01/12/2018;91.65
02/12/2018;87.13
03/12/2018;76.21139526367188
04/12/2018;73.8906021118164
06/12/2018;73.65501403808594
07/12/2018;72.33758544921875
09/12/2018;90.46
10/12/2018;72.18925476074219
11/12/2018;72.11072540283203
12/12/2018;72.88725280761719
13/12/2018;72.7389144897461
14/12/2018;71.49125671386719
17/12/2018;70.37449645996094
18/12/2018;70.40176391601562
19/12/2018;69.6096420288086
20/12/2018;68.59749603271484
21/12/2018;67.34771728515625
24/12/2018;66.04511260986328
26/12/2018;67.02795664469402
27/12/2018;68.01080067952473
28/12/2018;68.99364471435547
31/12/2018;69.4692611694336
02/01/2019;69.47807312011719
03/01/2019;68.31542205810547
04/01/2019;70.39411926269531
05/01/2019;91.31
07/01/2019;70.72002410888672
08/01/2019;71.41586303710938
09/01/2019;71.61844889322917
10/01/2019;71.82103474934895
11/01/2019;72.02362060546875
14/01/2019;71.75936889648438
15/01/2019;72.41116333007812
16/01/2019;72.48162841796875
17/01/2019;73.00130462646484
18/01/2019;73.80284118652344
22/01/2019;72.78990173339844
23/01/2019;72.957275390625
24/01/2019;73.09818267822266
25/01/2019;73.84687042236328
28/01/2019;73.30078125
29/01/2019;73.4240951538086
30/01/2019;74.33133697509766
31/01/2019;74.8333969116211
01/02/2019;74.80695343017578
04/02/2019;75.25617218017578
05/02/2019;75.67017364501953
06/02/2019;75.46758270263672
07/02/2019;74.69245147705078
08/02/2019;74.62199401855469
10/02/2019;89.019997
11/02/2019;74.6131820678711
12/02/2019;75.56446838378906
13/02/2019;75.74061584472656
14/02/2019;75.63491821289062
15/02/2019;76.577392578125
19/02/2019;76.76235961914062
20/02/2019;76.9825668334961
21/02/2019;76.7535400390625
22/02/2019;77.18513488769531
25/02/2019;77.35250091552734
26/02/2019;77.4405746459961
27/02/2019;77.2468032836914
28/02/2019;77.06180572509766
01/03/2019;77.57270050048828
04/03/2019;77.23799133300781
05/03/2019;77.23799133300781
06/03/2019;76.83281707763672
07/03/2019;76.07533264160156
08/03/2019;75.96083068847656
09/03/2019;89.29
10/03/2019;89.9
11/03/2019;76.95614624023438
12/03/2019;77.1058578491211
13/03/2019;77.72242736816406
14/03/2019;77.58151245117188
15/03/2019;78.17163848876953
18/03/2019;78.47994995117188
19/03/2019;78.50636291503906
20/03/2019;78.34780883789062
21/03/2019;78.90272521972656
22/03/2019;77.36132049560547
25/03/2019;77.37010955810547
26/03/2019;77.8897933959961
27/03/2019;77.61675262451172
28/03/2019;77.78408813476562
29/03/2019;78.20687866210938
01/04/2019;79.1141128540039
02/04/2019;79.1405258178711
03/04/2019;79.44880676269531
04/04/2019;79.519287109375
05/04/2019;79.81875610351562
06/04/2019;88.27
08/04/2019;79.90684509277344
09/04/2019;79.44880676269531
10/04/2019;79.73068237304688
11/04/2019;79.6954574584961
12/04/2019;80.21512603759766
15/04/2019;80.19750213623047
16/04/2019;80.25917053222656
17/04/2019;80.21512603759766
18/04/2019;80.33843994140625
22/04/2019;80.34725189208984
23/04/2019;80.41770935058594
24/04/2019;80.48816680908203
25/04/2019;80.42652130126953
26/04/2019;80.79647064208984
29/04/2019;80.95500946044922
30/04/2019;81.1135482788086
01/05/2019;80.42652130126953
02/05/2019;80.29440307617188
03/05/2019;81.1487808227539
04/05/2019;90.62
06/05/2019;80.62909698486328
07/05/2019;79.26383209228516
08/05/2019;79.23743438720703
09/05/2019;78.88509368896484
10/05/2019;79.2286148071289
11/05/2019;95.45
12/05/2019;96.38
13/05/2019;77.44937896728516
14/05/2019;78.13642120361328
15/05/2019;78.61204528808594
16/05/2019;79.23743438720703
17/05/2019;78.8322525024414
20/05/2019;78.2773666381836
21/05/2019;78.9115219116211
22/05/2019;78.68252563476562
23/05/2019;77.76647186279297
24/05/2019;78.18925476074219
28/05/2019;77.51985168457031
29/05/2019;76.93851470947266
30/05/2019;77.18513488769531
31/05/2019;76.41883850097656
02/06/2019;85.68
03/06/2019;76.22505950927734
04/06/2019;77.74885559082031
05/06/2019;78.14523315429688
06/06/2019;78.47994995117188
07/06/2019;79.4664535522461
08/06/2019;88.58
09/06/2019;91.52
10/06/2019;79.87161254882812
11/06/2019;79.75711059570312
12/06/2019;79.58975982666016
13/06/2019;79.72188568115234
14/06/2019;79.49286651611328
17/06/2019;79.46072387695312
18/06/2019;80.37138366699219
19/06/2019;80.72853088378906
20/06/2019;81.48741912841797
21/06/2019;81.246337890625
24/06/2019;81.27312469482422
25/06/2019;80.6035385131836
26/06/2019;80.6035385131836
27/06/2019;80.82672882080078
28/06/2019;81.26422119140625
01/07/2019;81.8266830444336
02/07/2019;82.08558654785156
03/07/2019;82.6570053100586
05/07/2019;82.45164489746094
06/07/2019;90.22
08/07/2019;82.04988861083984
09/07/2019;81.96060180664062
10/07/2019;82.36236572265625
11/07/2019;82.54985809326172
12/07/2019;82.79093170166016
15/07/2019;82.74629211425781
16/07/2019;82.4963150024414
17/07/2019;82.20166015625
18/07/2019;82.35343170166016
19/07/2019;82.02310943603516
22/07/2019;82.26416015625
23/07/2019;82.79093170166016
24/07/2019;83.0766372680664
25/07/2019;82.45164489746094
26/07/2019;83.0766372680664
29/07/2019;82.98735046386719
30/07/2019;82.45164489746094
31/07/2019;82.01417541503906
01/08/2019;81.10350036621094
02/08/2019;80.46067810058594
03/08/2019;86.24
04/08/2019;90.72
05/08/2019;78.39826202392578
06/08/2019;79.08574676513672
07/08/2019;79.52322387695312
08/08/2019;80.63924407958984
09/08/2019;80.20175170898438
10/08/2019;89.44
11/08/2019;95.76
12/08/2019;79.18395233154297
13/08/2019;80.273193359375
14/08/2019;78.03221893310547
15/08/2019;78.21078491210938
16/08/2019;79.01431274414062
19/08/2019;79.81784057617188
20/08/2019;79.38037872314453
21/08/2019;80.0946273803711
22/08/2019;79.85355377197266
23/08/2019;78.13935852050781
26/08/2019;78.96074676513672
27/08/2019;78.78216552734375
28/08/2019;79.08574676513672
29/08/2019;80.01427459716797
30/08/2019;80.210693359375
01/09/2019;81.64
03/09/2019;79.71965026855469
04/09/2019;80.66603088378906
05/09/2019;81.57669830322266
06/09/2019;81.71061706542969
07/09/2019;91.8
08/09/2019;89.83
09/09/2019;81.7374267578125
10/09/2019;81.94275665283203
11/09/2019;82.2105941772461
12/09/2019;82.6480712890625
13/09/2019;82.6302261352539
16/09/2019;82.39807891845703
17/09/2019;82.67486572265625
18/09/2019;82.72843170166016
19/09/2019;82.8266372680664
20/09/2019;82.47843933105469
23/09/2019;82.3355941772461
24/09/2019;81.84454345703125
25/09/2019;82.07665252685547
26/09/2019;82.12132263183594
27/09/2019;81.76419067382812
30/09/2019;81.94275665283203
01/10/2019;81.08564758300781
02/10/2019;80.67494583129883
03/10/2019;80.26424407958984
04/10/2019;81.05885314941406
05/10/2019;89.95
06/10/2019;90.68
07/10/2019;81.01422119140625
08/10/2019;80.67495346069336
09/10/2019;80.33568572998047
10/10/2019;81.04100799560547
11/10/2019;82.09452056884766
12/10/2019;96.71
14/10/2019;81.9516830444336
15/10/2019;82.7730712890625
16/10/2019;82.5945053100586
17/10/2019;83.08556365966797
18/10/2019;82.7195053100586
21/10/2019;83.21054077148438
22/10/2019;82.84449768066406
23/10/2019;83.24626159667969
24/10/2019;83.46945190429688
25/10/2019;83.67481231689453
28/10/2019;84.01408386230469
29/10/2019;84.11229705810547
30/10/2019;84.42477416992188
31/10/2019;84.03195190429688
01/11/2019;84.91584777832031
02/11/2019;84.71
03/11/2019;87.37
04/11/2019;85.19261169433594
05/11/2019;85.2193832397461
06/11/2019;85.24618530273438
07/11/2019;85.40687561035156
08/11/2019;85.49615478515625
09/11/2019;92.080002
10/11/2019;91.95
11/11/2019;85.44259643554688
12/11/2019;85.57649993896484
13/11/2019;85.53187561035156
14/11/2019;85.41580200195312
15/11/2019;86.13899230957031
18/11/2019;86.05863952636719
19/11/2019;86.13005065917969
20/11/2019;85.7193832397461
21/11/2019;85.50508117675781
22/11/2019;85.68364715576172
25/11/2019;86.36219787597656
26/11/2019;86.43362426757812
27/11/2019;86.9157485961914
29/11/2019;86.38898468017578
02/12/2019;85.8443603515625
03/12/2019;85.36223602294922
04/12/2019;85.94258117675781
05/12/2019;86.0497055053711
06/12/2019;86.69255828857422
07/12/2019;92.73
08/12/2019;88.69
09/12/2019;86.38007354736328
10/12/2019;86.34434509277344
11/12/2019;86.73717498779297
12/12/2019;87.27286529541016
13/12/2019;87.66572570800781
16/12/2019;88.37315368652344
17/12/2019;88.11180877685547
18/12/2019;88.05772399902344
19/12/2019;88.35514068603516
20/12/2019;88.7787094116211
23/12/2019;88.7516860961914
24/12/2019;88.79670715332031
26/12/2019;89.13018798828125
27/12/2019;89.28337860107422
30/12/2019;88.6164779663086
31/12/2019;89.02204895019531
02/01/2020;89.69793701171875
03/01/2020;88.94091796875
04/01/2020;74.4
05/01/2020;84.13
06/01/2020;89.44561004638672
07/01/2020;89.21128845214844
08/01/2020;89.46363830566406
09/01/2020;89.97732543945312
10/01/2020;89.61683654785156
12/01/2020;110.12
13/01/2020;90.19361877441406
14/01/2020;90.01336669921875
15/01/2020;90.13954162597656
16/01/2020;90.86051940917969
17/01/2020;91.16692352294922
21/01/2020;90.68927764892578
22/01/2020;90.85149383544922
23/01/2020;90.77940368652344
24/01/2020;90.17558288574219
27/01/2020;88.63451385498047
28/01/2020;89.45462036132812
29/01/2020;89.48165893554688
30/01/2020;89.61683654785156
31/01/2020;88.07575988769531
01/02/2020;99.53
03/02/2020;88.55340576171875
04/02/2020;90.13053131103516
05/02/2020;90.96866607666016
06/02/2020;91.29308319091797
07/02/2020;90.68927764892578
09/02/2020;105.040001
10/02/2020;91.1489028930664
11/02/2020;91.57247161865234
12/02/2020;92.0321044921875
13/02/2020;91.73468780517578
14/02/2020;91.85183715820312
18/02/2020;91.59049224853516
19/02/2020;91.95098876953125
20/02/2020;91.5634536743164
21/02/2020;90.92359161376953
24/02/2020;87.76935577392578
25/02/2020;85.41716766357422
26/02/2020;85.16483306884766
27/02/2020;81.9835433959961
28/02/2020;80.81195831298828
01/03/2020;98.69
02/03/2020;84.02030181884766
03/03/2020;82.12774658203125
04/03/2020;85.25494384765625
05/03/2020;82.66846466064453
06/03/2020;81.37973022460938
08/03/2020;97.69
09/03/2020;74.6386489868164
10/03/2020;78.00018310546875
11/03/2020;74.11592864990234
12/03/2020;66.38350677490234
13/03/2020;71.76375579833984
16/03/2020;63.5987548828125
17/03/2020;67.20362091064453
18/03/2020;63.46357345581055
19/03/2020;63.941200256347656
20/03/2020;61.850399017333984
23/03/2020;60.73289108276367
24/03/2020;66.2573471069336
25/03/2020;67.44692993164062
26/03/2020;71.21402740478516
27/03/2020;69.05110168457031
30/03/2020;70.862548828125
31/03/2020;70.2317123413086
01/04/2020;67.05040740966797
02/04/2020;68.42926788330078
03/04/2020;67.38385009765625
05/04/2020;84.3
06/04/2020;71.6375732421875
07/04/2020;71.76375579833984
08/04/2020;73.47606658935547
09/04/2020;74.81887817382812
11/04/2020;101.63
12/04/2020;111.42
13/04/2020;74.18804168701172
14/04/2020;76.05355072021484
15/04/2020;74.33222961425781
16/04/2020;74.53047943115234
17/04/2020;76.48613739013672
20/04/2020;75.39567565917969
21/04/2020;73.32286071777344
22/04/2020;74.7738265991211
23/04/2020;74.73777770996094
24/04/2020;75.56687927246094
27/04/2020;76.70242309570312
28/04/2020;76.74748229980469
29/04/2020;78.77523040771484
30/04/2020;77.82894134521484
01/05/2020;75.8192138671875
02/05/2020;100.94
03/05/2020;91.73
04/05/2020;75.9724349975586
05/05/2020;76.38700103759766
06/05/2020;75.88230895996094
07/05/2020;76.8826675415039
08/05/2020;78.41472625732422
10/05/2020;101.18
11/05/2020;78.45978546142578
12/05/2020;76.9908218383789
13/05/2020;75.79219818115234
14/05/2020;76.15267944335938
15/05/2020;76.48613739013672
18/05/2020;78.9554672241211
19/05/2020;78.10833740234375
20/05/2020;79.54124450683594
21/05/2020;78.80226135253906
22/05/2020;78.82026672363281
26/05/2020;80.28924560546875
27/05/2020;81.45182037353516
28/05/2020;81.60504150390625
29/05/2020;81.7402114868164
01/06/2020;82.60540008544922
02/06/2020;83.34439086914062
03/06/2020;84.66915130615234
04/06/2020;84.34473419189453
05/06/2020;86.2733383178711
07/06/2020;94.8
08/06/2020;87.32775115966797
09/06/2020;86.51664733886719
10/06/2020;86.20121765136719
11/06/2020;81.30764770507812
12/06/2020;82.48821258544922
15/06/2020;83.1518783569336
16/06/2020;84.53560638427734
17/06/2020;84.45367431640625
18/06/2020;84.38995361328125
19/06/2020;83.96209716796875
22/06/2020;84.65394592285156
23/06/2020;85.02720642089844
24/06/2020;82.833251953125
25/06/2020;83.8801498413086
26/06/2020;82.0776596069336
29/06/2020;83.0699462890625
30/06/2020;83.8801498413086
01/07/2020;84.35354614257812
02/07/2020;84.99078369140625
04/07/2020;79.63
05/07/2020;85.31
06/07/2020;86.30170440673828
07/07/2020;85.40045166015625
08/07/2020;86.12873840332031
09/07/2020;85.55520629882812
10/07/2020;86.42005157470703
12/07/2020;111.010002
13/07/2020;85.64624786376953
14/07/2020;86.82970428466797
15/07/2020;87.74006652832031
16/07/2020;87.33950805664062
17/07/2020;87.62171936035156
20/07/2020;88.30448150634766
21/07/2020;88.47747039794922
22/07/2020;88.90531921386719
23/07/2020;87.9039306640625
24/07/2020;87.35771179199219
27/07/2020;88.19523620605469
28/07/2020;87.62171936035156
29/07/2020;88.64132690429688
30/07/2020;88.1133041381836
31/07/2020;87.9858627319336
01/08/2020;99.27
03/08/2020;88.93263244628906
04/08/2020;89.35140228271484
05/08/2020;89.8976058959961
06/08/2020;90.27086639404297
07/08/2020;89.98863220214844
09/08/2020;98.8
10/08/2020;90.25265502929688
11/08/2020;89.8794174194336
12/08/2020;91.3450698852539
13/08/2020;91.2540283203125
14/08/2020;91.00823974609375
17/08/2020;91.61817932128906
18/08/2020;91.73651885986328
19/08/2020;91.31775665283203
20/08/2020;91.5089340209961
21/08/2020;91.5726547241211
24/08/2020;92.4830093383789
25/08/2020;92.77433776855469
26/08/2020;93.62096405029297
27/08/2020;93.50260925292969
28/08/2020;94.05792999267578
31/08/2020;93.73019409179688
01/09/2020;94.53132629394531
02/09/2020;95.62374877929688
03/09/2020;92.71061706542969
04/09/2020;92.08246612548828
06/09/2020;96.0
07/09/2020;93.98
08/09/2020;89.94313049316406
09/09/2020;91.59086608886719
10/09/2020;90.24353790283203
11/09/2020;90.48023223876953
12/09/2020;110.68
14/09/2020;91.68191528320312
15/09/2020;92.22811126708984
16/09/2020;91.92770385742188
17/09/2020;91.37237548828125
18/09/2020;90.58948516845703
21/09/2020;89.07828521728516
22/09/2020;89.67912292480469
23/09/2020;87.89482116699219
24/09/2020;88.09510040283203
25/09/2020;89.17843627929688
28/09/2020;90.61679077148438
29/09/2020;90.31636810302734
30/09/2020;90.59857177734375
01/10/2020;91.15389251708984
02/10/2020;90.48934936523438
03/10/2020;86.55
05/10/2020;92.10977935791016
06/10/2020;91.00823974609375
07/10/2020;92.27365112304688
08/10/2020;92.9563980102539
09/10/2020;93.67559051513672
11/10/2020;105.73
12/10/2020;94.8590316772461
13/10/2020;94.28553009033203
14/10/2020;93.70289611816406
15/10/2020;93.31143951416016
16/10/2020;93.42070007324219
19/10/2020;92.30094146728516
20/10/2020;92.7197036743164
21/10/2020;92.34645080566406
22/10/2020;92.7197036743164
23/10/2020;93.16578674316406
26/10/2020;91.45431518554688
27/10/2020;90.99913024902344
28/10/2020;88.02227783203125
29/10/2020;88.77786254882812
30/10/2020;87.87661743164062
02/11/2020;88.90531921386719
03/11/2020;90.80795288085938
04/11/2020;92.51942443847656
05/11/2020;94.47669219970703
06/11/2020;94.60413360595703
08/11/2020;98.73
09/11/2020;96.03339385986328
10/11/2020;96.25191497802734
11/11/2020;96.92556762695312
12/11/2020;95.92415618896484
13/11/2020;97.1167221069336
16/11/2020;98.25465393066406
17/11/2020;97.99066925048828
18/11/2020;97.15313720703125
19/11/2020;97.74488067626953
20/11/2020;97.46266174316406
23/11/2020;97.82681274414062
24/11/2020;99.37440490722656
25/11/2020;99.29248809814453
27/11/2020;99.7385482788086
30/11/2020;99.17413330078125
01/12/2020;100.24835968017578
02/12/2020;100.34849548339844
03/12/2020;100.430419921875
04/12/2020;101.43180847167969
05/12/2020;85.43
06/12/2020;91.53
07/12/2020;101.0585708618164
08/12/2020;101.38629913330078
09/12/2020;100.75814819335938
10/12/2020;100.84918212890625
11/12/2020;100.56698608398438
14/12/2020;100.56147766113281
15/12/2020;101.65264129638672
16/12/2020;101.89105224609375
17/12/2020;102.67961883544922
18/12/2020;102.36785888671875
21/12/2020;101.67095947265625
22/12/2020;101.59762573242188
23/12/2020;101.90021514892578
24/12/2020;102.1844711303711
28/12/2020;102.78965759277344
29/12/2020;102.82633209228516
30/12/2020;102.9638671875
31/12/2020;103.07391357421875
02/01/2021;113.17
03/01/2021;116.88
04/01/2021;102.35869598388672
05/01/2021;103.14727020263672
06/01/2021;103.77078247070312
07/01/2021;104.96282958984375
08/01/2021;105.73304748535156
09/01/2021;132.45
10/01/2021;127.49
11/01/2021;104.76109313964844
12/01/2021;105.05450439453125
13/01/2021;105.21957397460938
14/01/2021;105.13703918457031
15/01/2021;104.11922454833984
19/01/2021;104.96282958984375
20/01/2021;106.20069122314453
21/01/2021;106.1823501586914
22/01/2021;105.76972198486328
25/01/2021;106.01730346679688
26/01/2021;105.87059783935547
27/01/2021;103.33065032958984
28/01/2021;104.04588317871094
29/01/2021;102.2303237915039
01/02/2021;103.77078247070312
02/02/2021;105.08202362060547
03/02/2021;105.21957397460938
04/02/2021;106.13651275634766
05/02/2021;106.54913330078125
06/02/2021;125.95
07/02/2021;127.84
08/02/2021;107.38355255126953
09/02/2021;107.67696380615234
10/02/2021;107.56694030761719
11/02/2021;107.9337158203125
12/02/2021;108.45638275146484
16/02/2021;108.71312713623047
17/02/2021;108.52972412109375
18/02/2021;107.96122741699219
19/02/2021;107.96122741699219
22/02/2021;107.25518798828125
23/02/2021;107.24600982666016
24/02/2021;108.09878540039062
25/02/2021;105.7972412109375
26/02/2021;104.7794189453125
01/03/2021;107.17265319824219
02/03/2021;106.76001739501953
03/03/2021;105.28376007080078
04/03/2021;104.01835632324219
05/03/2021;105.4946517944336
06/03/2021;125.43
08/03/2021;104.97199249267578
09/03/2021;106.60416412353516
10/03/2021;107.2093276977539
11/03/2021;108.20880889892578
12/03/2021;108.30049133300781
15/03/2021;108.77731323242188
16/03/2021;108.92401885986328
17/03/2021;109.30913543701172
18/03/2021;107.7870101928711
19/03/2021;107.82368469238281
22/03/2021;108.29132843017578
23/03/2021;107.2826919555664
24/03/2021;106.69584655761719
25/03/2021;107.31019592285156
26/03/2021;108.6581039428711
29/03/2021;108.51139831542969
30/03/2021;108.27297973632812
31/03/2021;108.64893341064453
01/04/2021;109.831787109375
02/04/2021;115.75
03/04/2021;113.44
05/04/2021;111.33557891845703
06/04/2021;111.06051635742188
07/04/2021;111.12470245361328
08/04/2021;111.89492797851562
09/04/2021;112.38091278076172
10/04/2021;126.010002
11/04/2021;135.92
12/04/2021;112.30756378173828
13/04/2021;112.8852310180664
14/04/2021;112.50011444091797
15/04/2021;113.71047973632812
16/04/2021;114.10476684570312
19/04/2021;113.63711547851562
20/04/2021;112.5184555053711
21/04/2021;113.49040985107422
22/04/2021;112.71101379394531
23/04/2021;113.90304565429688
26/04/2021;114.12310028076172
27/04/2021;114.04059600830078
28/04/2021;114.11393737792969
29/04/2021;114.48070526123047
30/04/2021;113.34369659423828
01/05/2021;112.49
02/05/2021;116.2
03/05/2021;113.93972778320312
04/05/2021;112.83938598632812
05/05/2021;113.28868865966797
06/05/2021;114.1689453125
07/05/2021;115.28763580322266
08/05/2021;130.25999
10/05/2021;114.26065063476562
11/05/2021;113.06861877441406
12/05/2021;110.80376434326172
13/05/2021;112.04163360595703
14/05/2021;113.83885192871094
17/05/2021;113.4354019165039
18/05/2021;113.08696746826172
19/05/2021;112.47259521484375
20/05/2021;113.85718536376953
21/05/2021;113.86636352539062
24/05/2021;114.8933334350586
25/05/2021;114.67327117919922
26/05/2021;114.83831024169922
27/05/2021;114.9391860961914
28/05/2021;115.1684341430664
01/06/2021;115.28763580322266
02/06/2021;115.48934173583984
03/06/2021;115.01252746582031
04/06/2021;116.06702423095703
05/06/2021;124.51
07/06/2021;116.25960540771484
08/06/2021;116.26876831054688
09/06/2021;116.06702423095703
10/06/2021;116.52638244628906
11/06/2021;116.85909271240234
12/06/2021;131.75
14/06/2021;117.06243896484375
15/06/2021;116.83136749267578
16/06/2021;116.21214294433594
17/06/2021;116.0180435180664
18/06/2021;114.24353790283203
21/06/2021;115.78700256347656
22/06/2021;116.21214294433594
23/06/2021;115.9163818359375
24/06/2021;116.84061431884766
25/06/2021;117.1456069946289
28/06/2021;117.0809097290039
29/06/2021;117.17332458496094
30/06/2021;116.97923278808594
01/07/2021;117.4321060180664
02/07/2021;118.15299987792969
04/07/2021;121.19
05/07/2021;125.73
06/07/2021;117.82028198242188
07/07/2021;118.25467681884766
08/07/2021;116.93303680419922
09/07/2021;118.50420379638672
10/07/2021;128.34
12/07/2021;119.01255798339844
13/07/2021;118.39331817626953
14/07/2021;118.67057037353516
15/07/2021;118.02361297607422
16/07/2021;117.1640853881836
19/07/2021;115.36184692382812
20/07/2021;116.83136749267578
21/07/2021;118.10680389404297
22/07/2021;118.29164123535156
23/07/2021;119.40071105957031
26/07/2021;119.47465515136719
27/07/2021;119.05876159667969
28/07/2021;119.27133178710938
29/07/2021;119.89055633544922
30/07/2021;119.06800079345703
01/08/2021;115.31
02/08/2021;119.25284576416016
03/08/2021;120.0384521484375
04/08/2021;119.65950775146484
05/08/2021;120.38963317871094
06/08/2021;120.19554138183594
07/08/2021;126.52
09/08/2021;120.21405792236328
10/08/2021;120.35266876220703
11/08/2021;120.78707122802734
12/08/2021;121.0365982055664
13/08/2021;121.40629577636719
16/08/2021;121.36932373046875
17/08/2021;120.44510650634766
18/08/2021;119.4561538696289
19/08/2021;119.01255798339844
20/08/2021;119.87207794189453
23/08/2021;121.00887298583984
24/08/2021;121.24917602539062
25/08/2021;121.4432373046875
26/08/2021;120.79627227783203
27/08/2021;121.84068298339844
30/08/2021;122.20111846923828
31/08/2021;122.01628112792969
01/09/2021;122.41368103027344
02/09/2021;122.80187225341797
03/09/2021;122.96823120117188
04/09/2021;122.56
06/09/2021;126.58
07/09/2021;122.65399169921875
08/09/2021;122.26580810546875
09/09/2021;121.84991455078125
10/09/2021;121.15673828125
11/09/2021;136.039993
12/09/2021;133.8
13/09/2021;121.57263946533203
14/09/2021;120.99036407470703
15/09/2021;121.72051239013672
16/09/2021;121.54490661621094
17/09/2021;120.2972183227539
20/09/2021;118.263916015625
21/09/2021;118.46725463867188
22/09/2021;119.51162719726562
23/09/2021;120.89796447753906
24/09/2021;120.68539428710938
27/09/2021;120.43585205078125
28/09/2021;117.86651611328125
29/09/2021;117.85726928710938
30/09/2021;116.87757110595703
01/10/2021;117.82953643798828
02/10/2021;117.31
03/10/2021;116.92
04/10/2021;116.46168518066406
05/10/2021;117.39514923095703
06/10/2021;117.62619018554688
07/10/2021;118.61511993408203
08/10/2021;118.48572540283203
09/10/2021;131.089996
11/10/2021;117.85726928710938
12/10/2021;117.6539306640625
13/10/2021;118.31937408447266
14/10/2021;120.20478820800781
15/10/2021;121.07355499267578
18/10/2021;121.24917602539062
19/10/2021;122.0994644165039
20/10/2021;122.47840118408203
21/10/2021;122.59852600097656
22/10/2021;122.68173217773438
25/10/2021;122.94051170349121
26/10/2021;123.19929122924805
27/10/2021;123.45807075500488
28/10/2021;123.71685028076172
29/10/2021;123.69835662841797
01/11/2021;124.22517395019531
02/11/2021;124.48396301269531
03/11/2021;125.34347534179688
04/11/2021;125.6207504272461
05/11/2021;126.02742004394531
06/11/2021;126.44
08/11/2021;126.11062622070312
09/11/2021;125.73164367675781
10/11/2021;124.49320983886719
11/11/2021;124.76122283935547
12/11/2021;125.72241973876953
15/11/2021;125.6207504272461
16/11/2021;125.92572784423828
17/11/2021;125.59302520751953
18/11/2021;125.89802551269531
19/11/2021;125.34347534179688
22/11/2021;124.6965103149414
23/11/2021;124.70576477050781
24/11/2021;124.7982177734375
26/11/2021;121.99779510498047
29/11/2021;123.06990051269531
30/11/2021;121.16600036621094
01/12/2021;119.73344421386719
02/12/2021;121.43402099609375
03/12/2021;120.51900482177734
04/12/2021;122.48
05/12/2021;120.84
06/12/2021;121.7667236328125
07/12/2021;124.30835723876953
08/12/2021;124.7334976196289
09/12/2021;123.66139221191406
10/12/2021;124.38227844238281
11/12/2021;136.029999
13/12/2021;123.29788970947266
14/12/2021;122.31117248535156
15/12/2021;124.17285919189453
16/12/2021;123.57714080810547
17/12/2021;122.2646484375
20/12/2021;121.2407455444336
21/12/2021;123.19549560546875
22/12/2021;124.28457641601562
23/12/2021;125.17815399169922
27/12/2021;126.55580139160156
28/12/2021;126.42546081542969
29/12/2021;126.50922393798828
30/12/2021;126.32949829101562
31/12/2021;126.03147888183594
02/01/2022;129.37
03/01/2022;126.71134948730469
04/01/2022;126.71134948730469
05/01/2022;124.58786010742188
06/01/2022;124.35501861572266
07/01/2022;124.04766082763672
08/01/2022;115.38
09/01/2022;109.96
10/01/2022;123.53543853759766
11/01/2022;124.82069396972656
12/01/2022;125.37019348144531
13/01/2022;123.85206604003906
14/01/2022;123.87069702148438
18/01/2022;121.6447525024414
19/01/2022;120.76927947998047
20/01/2022;119.642333984375
21/01/2022;117.52816009521484
24/01/2022;117.44432830810547
25/01/2022;116.2801284790039
26/01/2022;115.87964630126953
27/01/2022;115.26495361328125
28/01/2022;117.29531860351562
31/01/2022;119.51195526123047
01/02/2022;120.4898681640625
02/02/2022;121.49573516845703
03/02/2022;118.87862396240234
04/02/2022;119.41880798339844
05/02/2022;117.84
06/02/2022;119.38
07/02/2022;119.26979064941406
08/02/2022;120.12664031982422
09/02/2022;121.96141815185547
10/02/2022;120.06145477294922
11/02/2022;117.94725799560547
12/02/2022;115.69
14/02/2022;117.45364379882812
15/02/2022;119.49331665039062
16/02/2022;119.70752716064453
17/02/2022;117.3884506225586
18/02/2022;116.51296997070312
22/02/2022;115.12523651123047
23/02/2022;113.4581069946289
24/02/2022;114.01692199707031
25/02/2022;116.68061828613281
28/02/2022;116.02867126464844
01/03/2022;114.1473159790039
02/03/2022;116.02867126464844
03/03/2022;114.78064727783203
04/03/2022;113.24390411376953
05/03/2022;118.47
06/03/2022;117.41
07/03/2022;109.853759765625
08/03/2022;109.48121643066406
09/03/2022;112.85272979736328
10/03/2022;112.16352081298828
11/03/2022;110.73855590820312
14/03/2022;110.30081176757812
15/03/2022;112.38704681396484
16/03/2022;115.33014678955078
17/03/2022;116.5409164428711
18/03/2022;118.04039001464844
21/03/2022;117.91931915283203
22/03/2022;119.28841400146484
23/03/2022;117.80756378173828
24/03/2022;119.26049041748047
25/03/2022;119.62370300292969
28/03/2022;120.15459442138672
29/03/2022;122.01729583740234
30/03/2022;121.24427032470703
31/03/2022;119.36293029785156
01/04/2022;119.96832275390625
02/04/2022;128.22
03/04/2022;121.59
04/04/2022;120.82515716552734
05/04/2022;119.22321319580078
06/04/2022;117.91931915283203
07/04/2022;118.43157958984375
08/04/2022;118.08695983886719
10/04/2022;105.89
11/04/2022;116.31739044189453
12/04/2022;115.78650665283203
13/04/2022;117.24874114990234
14/04/2022;116.05661010742188
18/04/2022;115.6654281616211
19/04/2022;117.10903930664062
20/04/2022;117.27667999267578
21/04/2022;115.52572631835938
22/04/2022;112.67576599121094
25/04/2022;112.94586944580078
26/04/2022;109.90963745117188
27/04/2022;110.3194351196289
28/04/2022;112.69439697265625
29/04/2022;109.36013793945312
01/05/2022;133.77
02/05/2022;109.75130462646484
03/05/2022;110.33806610107422
04/05/2022;113.18801879882812
05/05/2022;109.06210327148438
06/05/2022;108.35426330566406
07/05/2022;107.3
08/05/2022;115.64
09/05/2022;104.84304809570312
10/05/2022;105.08519744873047
11/05/2022;103.69745635986328
12/05/2022;103.66021728515625
13/05/2022;106.32389831542969
16/05/2022;106.00724029541016
17/05/2022;108.15868377685547
18/05/2022;104.34941864013672
19/05/2022;104.3028564453125
20/05/2022;104.6102066040039
23/05/2022;106.4077377319336
24/05/2022;105.64401245117188
25/05/2022;106.42635345458984
26/05/2022;108.2890625
27/05/2022;110.52433013916016
31/05/2022;109.84444427490234
01/06/2022;108.97827911376953
02/06/2022;111.18560028076172
03/06/2022;109.35081481933594
04/06/2022;126.61
05/06/2022;116.34
06/06/2022;109.74198913574219
07/06/2022;110.65470886230469
08/06/2022;109.38807678222656
09/06/2022;106.8394546508789
10/06/2022;103.80514526367188
12/06/2022;112.31
13/06/2022;99.8126449584961
14/06/2022;99.31475067138672
15/06/2022;100.95872497558594
16/06/2022;97.93380737304688
17/06/2022;98.01835632324219
21/06/2022;100.05689239501953
22/06/2022;99.72810363769531
23/06/2022;100.34809875488281
24/06/2022;101.74312973022461
27/06/2022;103.1381607055664
28/06/2022;101.3908462524414
29/06/2022;101.21237182617188
30/06/2022;100.40447235107422
01/07/2022;101.23115539550781
02/07/2022;128.059998
03/07/2022;117.95
04/07/2022;127.16
05/07/2022;100.79902648925781
06/07/2022;101.04325866699219
07/07/2022;102.59330749511719
08/07/2022;102.6308822631836
09/07/2022;110.18
10/07/2022;101.55
11/07/2022;101.1466064453125
12/07/2022;100.62993621826172
13/07/2022;100.30113220214844
14/07/2022;99.5683822631836
15/07/2022;101.25933837890625
18/07/2022;100.93994140625
19/07/2022;103.68302917480469
20/07/2022;103.96484375
21/07/2022;105.08274841308594
22/07/2022;104.21849060058594
25/07/2022;104.57546997070312
26/07/2022;103.18512725830078
27/07/2022;105.84368133544922
28/07/2022;107.00855255126953
29/07/2022;108.5679702758789
01/08/2022;108.38948059082031
02/08/2022;107.440673828125
03/08/2022;108.8028335571289
04/08/2022;108.971923828125
05/08/2022;108.63373565673828
06/08/2022;117.45
07/08/2022;109.25
08/08/2022;108.59614562988281
09/08/2022;108.05127716064453
10/08/2022;110.4468002319336
11/08/2022;110.47496795654297
12/08/2022;112.00623321533203
15/08/2022;112.12834167480469
16/08/2022;112.35381317138672
17/08/2022;111.47076416015625
18/08/2022;111.48014831542969
19/08/2022;109.98648834228516
22/08/2022;107.77886962890625
23/08/2022;107.77886962890625
24/08/2022;108.07948303222656
25/08/2022;109.48859405517578
26/08/2022;106.06913757324219
29/08/2022;105.47730255126953
30/08/2022;104.4063720703125
31/08/2022;103.59847259521484
01/09/2022;103.29785919189453
02/09/2022;102.37723541259766
03/09/2022;121.17
05/09/2022;112.57
06/09/2022;101.93571472167969
07/09/2022;103.5045394897461
08/09/2022;104.04000091552734
09/09/2022;106.05973815917969
11/09/2022;105.66
12/09/2022;107.29035186767578
13/09/2022;102.90331268310547
14/09/2022;103.3072509765625
15/09/2022;102.25511169433594
16/09/2022;101.46601867675781
19/09/2022;102.0578384399414
20/09/2022;100.80841064453125
21/09/2022;99.19261932373047
22/09/2022;98.3659439086914
23/09/2022;96.18650817871094
26/09/2022;95.02163696289062
27/09/2022;94.76799011230469
28/09/2022;96.71258544921875
29/09/2022;95.0404281616211
30/09/2022;93.89433288574219
01/10/2022;132.64
02/10/2022;128.91
03/10/2022;96.1958999633789
04/10/2022;99.47445678710938
05/10/2022;99.09868621826172
06/10/2022;97.87744903564453
07/10/2022;95.39739990234375
08/10/2022;117.57
10/10/2022;94.79617309570312
11/10/2022;93.98828887939453
12/10/2022;93.69705963134766
13/10/2022;96.11134338378906
14/10/2022;93.90373992919922
17/10/2022;96.31802368164062
18/10/2022;97.35137939453125
19/10/2022;96.52470397949219
20/10/2022;95.89529418945312
21/10/2022;97.96199798583984
24/10/2022;98.70413970947266
25/10/2022;100.57356262207031
26/10/2022;100.32931518554688
27/10/2022;99.8126449584961
28/10/2022;101.71965789794922
31/10/2022;100.91175079345703
01/11/2022;100.93054962158203
02/11/2022;98.61019134521484
03/11/2022;97.6426010131836
04/11/2022;99.69052124023438
05/11/2022;111.34
07/11/2022;100.4514389038086
08/11/2022;101.1747817993164
09/11/2022;99.25839233398438
10/11/2022;104.73516845703125
11/11/2022;106.1724624633789
14/11/2022;105.11091613769531
15/11/2022;106.02216339111328
16/11/2022;105.33639526367188
17/11/2022;105.06395721435547
18/11/2022;105.45851135253906
21/11/2022;104.82910919189453
22/11/2022;106.32276916503906
23/11/2022;107.14006805419922
25/11/2022;107.28097534179688
28/11/2022;105.69337463378906
29/11/2022;105.59942626953125
30/11/2022;108.44584655761719
01/12/2022;108.8028335571289
02/12/2022;108.68070220947266
04/12/2022;124.32
05/12/2022;106.74551391601562
06/12/2022;105.50548553466797
07/12/2022;105.37396240234375
08/12/2022;106.13490295410156
09/12/2022;105.59004211425781
10/12/2022;99.74
12/12/2022;106.66096496582031
13/12/2022;107.748291015625
14/12/2022;107.2467269897461
15/12/2022;104.50241088867188
16/12/2022;103.40465545654297
19/12/2022;102.66654205322266
20/12/2022;102.92204284667969
21/12/2022;104.34152221679688
22/12/2022;103.0450668334961
23/12/2022;103.56553649902344
27/12/2022;103.31950378417969
28/12/2022;102.07982635498047
29/12/2022;103.84944152832031
30/12/2022;103.38573455810547
02/01/2023;118.24
03/01/2023;103.24378967285156
04/01/2023;104.25636291503906
05/01/2023;103.03559875488281
06/01/2023;105.4676513671875
08/01/2023;127.91
09/01/2023;105.5906753540039
10/01/2023;106.16793060302734
11/01/2023;107.32244110107422
12/01/2023;108.15520477294922
13/01/2023;108.63783264160156
17/01/2023;108.62836456298828
18/01/2023;107.37922668457031
19/01/2023;106.69786834716797
20/01/2023;108.41071319580078
23/01/2023;109.48951721191406
24/01/2023;109.38543701171875
25/01/2023;109.60308074951172
26/01/2023;110.51155090332031
27/01/2023;110.67240905761719
30/01/2023;109.42327117919922
31/01/2023;110.72920227050781
01/02/2023;111.89318084716797
02/02/2023;113.01930236816406
03/02/2023;111.82693481445312
05/02/2023;118.37
06/02/2023;111.00364685058594
07/02/2023;112.28118133544922
08/02/2023;111.22128295898438
09/02/2023;110.54940032958984
10/02/2023;110.55886840820312
11/02/2023;120.72
13/02/2023;111.78907775878906
14/02/2023;111.93103790283203
15/02/2023;112.09190368652344
16/02/2023;110.87115478515625
17/02/2023;110.60616302490234
21/02/2023;108.71353912353516
22/02/2023;108.4675064086914
23/02/2023;108.98796081542969
24/02/2023;107.549560546875
27/02/2023;108.2214584350586
28/02/2023;107.86184692382812
01/03/2023;107.71990203857422
02/03/2023;108.33501434326172
03/03/2023;110.02891540527344
04/03/2023;118.22
05/03/2023;117.86
06/03/2023;109.98160552978516
07/03/2023;108.24037170410156
08/03/2023;108.49588012695312
09/03/2023;106.7925033569336
10/03/2023;105.27838897705078
11/03/2023;121.93
13/03/2023;104.9755630493164
14/03/2023;106.5748519897461
15/03/2023;105.07965850830078
16/03/2023;106.83035278320312
17/03/2023;105.57173919677734
20/03/2023;106.72625732421875
21/03/2023;108.24983978271484
22/03/2023;106.84928894042969
23/03/2023;107.0196304321289
24/03/2023;107.3319091796875
27/03/2023;107.84292602539062
28/03/2023;107.75775909423828
29/03/2023;109.215087890625
30/03/2023;110.01000213623047
31/03/2023;111.35377502441406
01/04/2023;110.17
03/04/2023;111.8742446899414
04/04/2023;111.44840240478516
05/04/2023;110.96577453613281
06/04/2023;111.36325073242188
08/04/2023;125.22
10/04/2023;111.46733856201172
11/04/2023;111.60928344726562
12/04/2023;111.5146484375
13/04/2023;113.00984191894531
14/04/2023;112.74486541748047
17/04/2023;112.90574645996094
18/04/2023;113.19910430908203
19/04/2023;113.02877044677734
20/04/2023;112.58399200439453
21/04/2023;112.8205795288086
24/04/2023;112.95305633544922
25/04/2023;111.1834487915039
26/04/2023;110.82383728027344
27/04/2023;112.78272247314453
28/04/2023;113.35997772216797
01/05/2023;113.24641418457031
02/05/2023;112.0162124633789
03/05/2023;111.5335693359375
04/05/2023;110.99417114257812
05/05/2023;112.94359588623047
06/05/2023;121.46
07/05/2023;124.16
08/05/2023;112.99091339111328
09/05/2023;112.52721405029297
10/05/2023;112.80164337158203
11/05/2023;112.53668212890625
12/05/2023;112.37580871582031
15/05/2023;113.04769134521484
16/05/2023;112.07299041748047
17/05/2023;113.14232635498047
18/05/2023;113.87100219726562
19/05/2023;113.92776489257812
22/05/2023;114.00347900390625
23/05/2023;112.64078521728516
24/05/2023;111.58088684082031
25/05/2023;112.0540542602539
26/05/2023;113.47354125976562
30/05/2023;113.1044692993164
31/05/2023;112.23385620117188
01/06/2023;113.58709716796875
02/06/2023;115.29048919677734
03/06/2023;116.22
04/06/2023;117.68
05/06/2023;114.94033813476562
06/06/2023;115.43242645263672
07/06/2023;114.81136322021484
08/06/2023;115.56620025634766
09/06/2023;115.69996643066406
10/06/2023;120.25
11/06/2023;121.89
12/06/2023;116.59812927246094
13/06/2023;117.47716522216797
14/06/2023;117.69693756103516
15/06/2023;119.14927673339844
16/06/2023;118.75752258300781
20/06/2023;117.75425720214844
21/06/2023;117.43895721435547
22/06/2023;117.41983032226562
23/06/2023;116.36880493164062
26/06/2023;116.12993621826172
27/06/2023;117.33385467529297
28/06/2023;117.35295867919922
29/06/2023;117.69693756103516
30/06/2023;118.97727966308594
02/07/2023;118.65
03/07/2023;119.24482727050781
05/07/2023;118.6333236694336
06/07/2023;117.30518341064453
07/07/2023;117.40074920654297
08/07/2023;126.29
09/07/2023;124.089996
10/07/2023;117.76380920410156
11/07/2023;118.65242004394531
12/07/2023;119.94232177734375
13/07/2023;121.32778930664062
14/07/2023;121.00292205810547
17/07/2023;121.27046203613281
18/07/2023;122.2354965209961
19/07/2023;122.39794158935547
20/07/2023;121.66220092773438
21/07/2023;121.72909545898438
24/07/2023;121.91062927246094
25/07/2023;122.2259521484375
26/07/2023;122.31193542480469
27/07/2023;121.55709838867188
28/07/2023;122.72279357910156
31/07/2023;122.81834411621094
01/08/2023;122.21639251708984
02/08/2023;120.29586029052734
03/08/2023;119.93276977539062
04/08/2023;119.64613342285156
05/08/2023;119.4
06/08/2023;120.95
07/08/2023;120.66850280761719
08/08/2023;120.05699157714844
09/08/2023;119.44548034667969
10/08/2023;119.59834289550781
11/08/2023;119.31171417236328
12/08/2023;128.92
14/08/2023;119.59834289550781
15/08/2023;118.1746826171875
16/08/2023;117.2383041381836
17/08/2023;116.42613983154297
18/08/2023;116.39746856689453
21/08/2023;117.11408996582031
22/08/2023;116.77011108398438
23/08/2023;118.01224517822266
24/08/2023;116.44525146484375
25/08/2023;117.2383041381836
28/08/2023;118.1364517211914
29/08/2023;119.81812286376953
30/08/2023;120.28630065917969
31/08/2023;120.10476684570312
01/09/2023;120.305419921875
02/09/2023;116.82
03/09/2023;112.85
05/09/2023;119.63656616210938
06/09/2023;118.91039276123047
07/09/2023;118.56642150878906
08/09/2023;118.5950927734375
10/09/2023;120.79
11/09/2023;119.52191925048828
12/09/2023;118.93907165527344
13/09/2023;118.97727966308594
14/09/2023;120.12387084960938
15/09/2023;119.07283782958984
18/09/2023;118.97727966308594
19/09/2023;118.8052978515625
20/09/2023;117.93580627441406
21/09/2023;115.95794677734375
22/09/2023;115.77640533447266
25/09/2023;115.98661804199219
26/09/2023;114.34317016601562
27/09/2023;114.25718688964844
28/09/2023;115.15533447265625
29/09/2023;114.82091522216797
01/10/2023;112.19
02/10/2023;114.19029235839844
03/10/2023;112.69019317626953
04/10/2023;113.3494644165039
05/10/2023;113.58832550048828
06/10/2023;114.8973617553711
07/10/2023;123.25
08/10/2023;125.17
09/10/2023;115.41332244873047
10/10/2023;116.3592529296875
11/10/2023;116.87521362304688
12/10/2023;115.97705078125
13/10/2023;115.3082275390625
16/10/2023;116.42613983154297
17/10/2023;116.41658020019531
18/10/2023;114.71581268310547
19/10/2023;113.68389129638672
20/10/2023;112.41309356689453
23/10/2023;112.26976013183594
24/10/2023;113.03416442871094
25/10/2023;111.57225799560547
26/10/2023;110.43523406982422
27/10/2023;109.89060974121094
30/10/2023;111.24739074707031
31/10/2023;111.89712524414062
01/11/2023;113.05326843261719
02/11/2023;115.34642791748047
03/11/2023;115.90539169311523
04/11/2023;117.94
05/11/2023;118.92
06/11/2023;116.46435546875
07/11/2023;116.55989837646484
08/11/2023;116.58856964111328
09/11/2023;115.91017150878906
10/11/2023;117.3720703125
12/11/2023;129.41
13/11/2023;117.41028594970703
14/11/2023;119.87545013427734
15/11/2023;120.06654357910156
16/11/2023;120.06654357910156
17/11/2023;120.67806243896484
20/11/2023;120.97426350911458
21/11/2023;121.27046457926433
22/11/2023;121.56666564941406
24/11/2023;121.84374237060547
27/11/2023;121.6430892944336
28/11/2023;121.73865509033203
29/11/2023;121.75775909423828
30/11/2023;122.09217834472656
01/12/2023;123.0285415649414
04/12/2023;122.3405990600586
05/12/2023;122.14949798583984
06/12/2023;122.4457015991211
07/12/2023;122.74190521240234
08/12/2023;123.18143463134766
09/12/2023;124.48
10/12/2023;121.38
11/12/2023;123.6496353149414
12/12/2023;123.9744873046875
13/12/2023;125.80901336669922
14/12/2023;126.46830749511719
15/12/2023;126.07655334472656
18/12/2023;126.65939331054688
19/12/2023;127.53844451904297
20/12/2023;125.84200286865234
21/12/2023;127.31591796875
22/12/2023;127.57601928710938
26/12/2023;128.10585021972656
27/12/2023;128.47193908691406
28/12/2023;128.3948516845703
29/12/2023;128.14442443847656
02/01/2024;127.0750961303711
03/01/2024;126.05393981933594
04/01/2024;125.90943145751953
05/01/2024;126.06356048583984
07/01/2024;147.81
08/01/2024;127.73016357421875
09/01/2024;127.21956634521484
10/01/2024;127.96137237548828
11/01/2024;127.95173645019531
12/01/2024;128.0576934814453
16/01/2024;127.17140197753906
17/01/2024;126.34294128417969
18/01/2024;127.40262603759766
19/01/2024;128.73202514648438
22/01/2024;129.0306854248047
23/01/2024;129.1944580078125
24/01/2024;129.49307250976562
25/01/2024;130.00364685058594
26/01/2024;130.1192626953125
29/01/2024;131.1211395263672
30/01/2024;131.00555419921875
31/01/2024;129.28114318847656
01/02/2024;130.77435302734375
02/02/2024;131.44866943359375
04/02/2024;143.5
05/02/2024;130.8610382080078
06/02/2024;131.37159729003906
07/02/2024;132.12301635742188
08/02/2024;132.2000732421875
09/02/2024;132.8455047607422
10/02/2024;155.63
12/02/2024;132.94186401367188
13/02/2024;130.94772338867188
14/02/2024;132.3446044921875
15/02/2024;133.47169494628906
16/02/2024;132.9803924560547
20/02/2024;132.56614685058594
21/02/2024;132.65284729003906
22/02/2024;135.0419464111328
23/02/2024;135.1864776611328
26/02/2024;134.666259765625
27/02/2024;135.01304626464844
28/02/2024;134.58920288085938
29/02/2024;135.1383056640625
01/03/2024;136.3520965576172
04/03/2024;136.18833923339844
05/03/2024;135.128662109375
06/03/2024;136.1401824951172
07/03/2024;137.60446166992188
08/03/2024;136.87232971191406
09/03/2024;151.0099945
10/03/2024;155.039993
11/03/2024;136.4773406982422
12/03/2024;137.91273498535156
13/03/2024;137.78750610351562
14/03/2024;137.1805877685547
15/03/2024;136.54478454589844
18/03/2024;136.95901489257812
19/03/2024;137.63336181640625
20/03/2024;138.92425537109375
21/03/2024;139.3673858642578
22/03/2024;139.10726928710938
25/03/2024;138.721923828125
26/03/2024;138.53890991210938
27/03/2024;139.5985870361328
28/03/2024;139.5985870361328
01/04/2024;139.20362854003906
02/04/2024;138.2402801513672
03/04/2024;138.65451049804688
04/04/2024;137.08425903320312
05/04/2024;138.29806518554688
06/04/2024;146.029999
08/04/2024;138.4521942138672
09/04/2024;138.5581817626953
10/04/2024;137.02647399902344
11/04/2024;137.97055053710938
12/04/2024;135.82228088378906
15/04/2024;134.43507385253906
16/04/2024;133.8859405517578
17/04/2024;133.4428253173828
18/04/2024;133.04783630371094
19/04/2024;132.2771453857422
22/04/2024;133.43316650390625
23/04/2024;134.92637634277344
24/04/2024;134.82040405273438
25/04/2024;134.33871459960938
26/04/2024;135.63922119140625
29/04/2024;136.05345153808594
30/04/2024;134.06898498535156
01/05/2024;133.51988220214844
02/05/2024;135.05159759521484
03/05/2024;136.58331298828125
04/05/2024;143.56
06/05/2024;137.92237854003906
07/05/2024;138.06686401367188
08/05/2024;138.0572509765625
09/05/2024;138.8568115234375
10/05/2024;139.08804321289062
11/05/2024;155.96001
12/05/2024;162.67
13/05/2024;139.0012969970703
14/05/2024;139.82015991210938
15/05/2024;140.44634246826172
16/05/2024;141.07252502441406
17/05/2024;141.3518829345703
20/05/2024;141.40005493164062
21/05/2024;141.63125610351562
22/05/2024;140.94728088378906
23/05/2024;139.9742889404297
24/05/2024;140.94728088378906
28/05/2024;140.9761962890625
29/05/2024;139.5118865966797
30/05/2024;139.328857421875
31/05/2024;140.36927795410156
02/06/2024;136.37
03/06/2024;140.70645141601562
04/06/2024;140.6775360107422
05/06/2024;142.15145874023438
06/06/2024;142.2381591796875
07/06/2024;141.64088439941406
08/06/2024;141.75999
09/06/2024;147.75
10/06/2024;141.95880126953125
11/06/2024;141.76358032226562
12/06/2024;143.08438110351562
13/06/2024;142.7736053466797
14/06/2024;142.3560028076172
17/06/2024;143.22036743164062
18/06/2024;143.6962432861328
20/06/2024;143.46316528320312
21/06/2024;142.98727416992188
24/06/2024;143.02613830566406
25/06/2024;143.52142333984375
26/06/2024;143.4437255859375
27/06/2024;143.4825897216797
28/06/2024;143.2397918701172
01/07/2024;143.55056762695312
02/07/2024;144.29837036132812
03/07/2024;145.27926635742188
05/07/2024;146.16305541992188
06/07/2024;147.029999
08/07/2024;146.0076446533203
09/07/2024;146.09506225585938
10/07/2024;147.63925170898438
11/07/2024;146.91085815429688
12/07/2024;148.00827026367188
15/07/2024;148.01800537109375
16/07/2024;148.8823699951172
17/07/2024;147.23133850097656
18/07/2024;145.91055297851562
19/07/2024;144.88107299804688
22/07/2024;146.42526245117188
23/07/2024;145.95909118652344
24/07/2024;142.98727416992188
25/07/2024;142.27830505371094
26/07/2024;143.861328125
29/07/2024;143.81277465820312
30/07/2024;143.40489196777344
31/07/2024;145.64830017089844
01/08/2024;143.06495666503906
02/08/2024;140.4524688720703
03/08/2024;142.080002
04/08/2024;143.72
05/08/2024;136.6260223388672
06/08/2024;137.67491149902344
07/08/2024;137.11160278320312
08/08/2024;140.02516174316406
09/08/2024;140.85067749023438
10/08/2024;156.070007
11/08/2024;159.88
12/08/2024;140.72442626953125
13/08/2024;143.17178344726562
14/08/2024;143.6088409423828
15/08/2024;145.76486206054688
16/08/2024;146.3669891357422
19/08/2024;147.83348083496094
20/08/2024;147.61981201171875
21/08/2024;148.46475219726562
22/08/2024;147.12452697753906
23/08/2024;149.36795043945312
26/08/2024;148.9406280517578
27/08/2024;149.1639862060547
28/08/2024;148.4550323486328
29/08/2024;148.5521697998047
30/08/2024;149.7369842529297
01/09/2024;132.059998
02/09/2024;137.89999
03/09/2024;146.65834045410156
04/09/2024;146.376708984375
05/09/2024;145.86199951171875
06/09/2024;143.49229431152344
07/09/2024;150.42999
08/09/2024;145.029999
09/09/2024;145.02674865722656
10/09/2024;145.42494201660156
11/09/2024;146.8525848388672
12/09/2024;147.96945190429688
13/09/2024;148.72695922851562
16/09/2024;149.24171447753906
17/09/2024;148.99888610839844
18/09/2024;148.60069274902344
19/09/2024;151.17434692382812
20/09/2024;150.64019775390625
23/09/2024;151.09666442871094
24/09/2024;151.57252502441406
25/09/2024;151.19375610351562
26/09/2024;152.57286071777344
27/09/2024;152.10667419433594
30/09/2024;152.38833618164062
01/10/2024;151.12579345703125
02/10/2024;151.14520263671875
03/10/2024;150.57220458984375
04/10/2024;151.83473205566406
05/10/2024;144.38
06/10/2024;147.36
07/10/2024;150.53338623046875
08/10/2024;151.57252502441406
09/10/2024;152.3786163330078
10/10/2024;152.12611389160156
11/10/2024;153.0001678466797
12/10/2024;161.33
14/10/2024;153.97134399414062
15/10/2024;152.44659423828125
16/10/2024;153.0681610107422
17/10/2024;153.15554809570312
18/10/2024;153.8353729248047
21/10/2024;153.16529846191406
22/10/2024;152.9224853515625
23/10/2024;151.39773559570312
24/10/2024;151.8930206298828
25/10/2024;151.6502227783203
28/10/2024;152.32032775878906
29/10/2024;152.32032775878906
30/10/2024;151.7667694091797
31/10/2024;149.29994201660156
01/11/2024;149.902099609375
03/11/2024;141.67
04/11/2024;149.69815063476562
05/11/2024;151.46571350097656
06/11/2024;153.7965545654297
07/11/2024;155.3018798828125
08/11/2024;155.2727508544922
09/11/2024;151.21001
10/11/2024;157.53999
11/11/2024;155.632080078125
12/11/2024;154.5928955078125
13/11/2024;154.3889617919922
14/11/2024;153.7479705810547
15/11/2024;152.14552307128906
18/11/2024;152.8544921875
19/11/2024;153.30123901367188
20/11/2024;153.2138214111328
21/11/2024;154.00048828125
22/11/2024;154.6706085205078
25/11/2024;155.15618896484375
26/11/2024;155.43785095214844
27/11/2024;155.2436065673828
29/11/2024;156.4964141845703
01/12/2024;132.92999
02/12/2024;156.8946075439453
03/12/2024;157.05972290039062
04/12/2024;157.97262573242188
05/12/2024;157.98233032226562
06/12/2024;158.2542724609375
07/12/2024;152.39999
08/12/2024;144.89999
09/12/2024;157.35105895996094
10/12/2024;156.6809539794922
11/12/2024;157.90464782714844
12/12/2024;156.8848876953125
13/12/2024;156.70037841796875
16/12/2024;157.04029846191406
17/12/2024;156.45651245117188
18/12/2024;154.0901107788086
19/12/2024;151.7237091064453
20/12/2024;152.89712524414062
23/12/2024;153.9141082763672
24/12/2024;155.25375366210938
26/12/2024;155.53732299804688
27/12/2024;154.10968017578125
30/12/2024;152.6624298095703
31/12/2024;152.05616760253906
02/01/2025;151.76280212402344
03/01/2025;153.50340270996094
04/01/2025;153.60001
05/01/2025;154.78
06/01/2025;154.26611328125
07/01/2025;152.94602966308594
08/01/2025;152.96556091308594
10/01/2025;150.83384704589844
12/01/2025;184.83
13/01/2025;150.81430053710938
14/01/2025;151.00985717773438
15/01/2025;153.63052368164062
16/01/2025;153.65985107421875
17/01/2025;154.89193725585938
21/01/2025;156.7205352783203
22/01/2025;157.32679748535156
23/01/2025;158.28509521484375
24/01/2025;158.15798950195312
27/01/2025;156.4369354248047
28/01/2025;157.36590576171875
29/01/2025;156.85743713378906
30/01/2025;157.97218322753906
31/01/2025;157.10189819335938
01/02/2025;155.2
03/02/2025;155.8404541015625
04/02/2025;157.0823516845703
05/02/2025;157.97218322753906
06/02/2025;158.4709014892578
07/02/2025;157.04322814941406
09/02/2025;174.55
10/02/2025;158.0992889404297
11/02/2025;158.3828887939453
12/02/2025;158.24598693847656
13/02/2025;159.92788696289062
14/02/2025;160.19190979003906
18/02/2025;160.4559326171875
19/02/2025;160.39724731445312
20/02/2025;159.0527114868164
21/02/2025;157.7081756591797
24/02/2025;157.0725555419922
25/02/2025;156.85743713378906
26/02/2025;156.95521545410156
27/02/2025;154.55947875976562
28/02/2025;156.45651245117188
01/03/2025;156.98
02/03/2025;159.37
03/03/2025;154.78436279296875
04/03/2025;153.4838409423828
05/03/2025;155.71334838867188
06/03/2025;153.02426147460938
07/03/2025;154.14877319335938
09/03/2025;175.2
10/03/2025;149.94400024414062
11/03/2025;149.05413818359375
12/03/2025;149.80709838867188
13/03/2025;147.89051818847656
14/03/2025;151.0392303466797
17/03/2025;152.41798400878906
18/03/2025;151.10765075683594
19/03/2025;152.47665405273438
20/03/2025;151.8899383544922
21/03/2025;151.79214477539062
24/03/2025;153.93365478515625
25/03/2025;154.28567504882812
26/03/2025;152.52554321289062
27/03/2025;152.13441467285156
28/03/2025;149.4941864013672
31/03/2025;149.7875518798828
01/04/2025;150.19825744628906
02/04/2025;151.20545959472656
03/04/2025;144.99607849121094
04/04/2025;136.16604614257812
06/04/2025;165.12
07/04/2025;134.95350646972656
08/04/2025;140.07257080078125
09/04/2025;145.19163513183594
10/04/2025;140.90866088867188
11/04/2025;143.66619873046875
12/04/2025;186.25
14/04/2025;144.98629760742188
15/04/2025;145.1623077392578
16/04/2025;142.8056640625
17/04/2025;143.42172241210938
21/04/2025;140.7913055419922
22/04/2025;144.1160125732422
23/04/2025;145.91526794433594
24/04/2025;148.73147583007812
25/04/2025;149.66043090820312
28/04/2025;150.05157470703125
29/04/2025;150.76539611816406
30/04/2025;150.86318969726562
01/05/2025;151.3521270751953
02/05/2025;153.72830200195312
03/05/2025;159.24001
05/05/2025;153.16116333007812
06/05/2025;152.26153564453125
07/05/2025;152.57443237304688
08/05/2025;153.1513671875
09/05/2025;153.30783081054688
11/05/2025;183.91
12/05/2025;157.0725555419922
13/05/2025;158.04061889648438
14/05/2025;158.04061889648438
15/05/2025;158.91091918945312
16/05/2025;159.88877868652344
19/05/2025;160.29946899414062
20/05/2025;160.13323974609375
21/05/2025;158.03086853027344
22/05/2025;157.91351318359375
23/05/2025;157.395263671875
27/05/2025;160.20169067382812
28/05/2025;159.16517639160156
29/05/2025;159.73233032226562
30/05/2025;159.69320678710938
01/06/2025;157.75999
02/06/2025;160.80795288085938
03/06/2025;161.26754760742188
04/06/2025;161.463134765625
05/06/2025;160.79818725585938
06/06/2025;162.1769561767578
08/06/2025;172.19
09/06/2025;162.2551727294922
10/06/2025;162.8614501953125
11/06/2025;162.4898681640625
12/06/2025;163.2721405029297
13/06/2025;161.3457794189453
16/06/2025;162.7460174560547
17/06/2025;161.24822998046875
18/06/2025;161.2876434326172
20/06/2025;160.63729858398438
23/06/2025;162.0858154296875
24/06/2025;163.97775268554688
25/06/2025;163.6919708251953
26/06/2025;165.2489013671875
27/06/2025;166.12586975097656
30/06/2025;166.9043426513672
01/07/2025;166.6776885986328
02/07/2025;167.38717651367188
03/07/2025;168.37254333496094
04/07/2025;138.0099945
05/07/2025;156.029999
07/07/2025;166.99302673339844
08/07/2025;167.0817108154297
09/07/2025;168.2050323486328
10/07/2025;168.5302276611328
11/07/2025;167.6236572265625
14/07/2025;167.9685516357422
15/07/2025;166.99302673339844
16/07/2025;167.51527404785156
17/07/2025;168.45138549804688
18/07/2025;168.3134307861328
21/07/2025;168.71743774414062
22/07/2025;169.01304626464844
23/07/2025;170.9542694091797
24/07/2025;170.81631469726562
25/07/2025;171.21046447753906
28/07/2025;170.47142028808594
29/07/2025;170.10682678222656
30/07/2025;169.62400817871094
31/07/2025;168.5991973876953
01/08/2025;166.490478515625
04/08/2025;168.91452026367188
05/08/2025;168.34300231933594
06/08/2025;169.6732635498047
07/08/2025;169.8309326171875
08/08/2025;171.09222412109375
09/08/2025;177.25999
10/08/2025;183.52
11/08/2025;170.56997680664062
12/08/2025;172.5604248046875
13/08/2025;173.20094299316406
14/08/2025;173.03343200683594
15/08/2025;173.15167236328125
18/08/2025;172.95458984375
19/08/2025;172.23526000976562
20/08/2025;172.1170196533203
21/08/2025;171.4174041748047
22/08/2025;173.97938537597656
25/08/2025;172.92503356933594
26/08/2025;173.3684539794922
27/08/2025;173.634521484375
28/08/2025;174.33413696289062
29/08/2025;173.309326171875
02/09/2025;171.99876403808594
03/09/2025;172.63926696777344
04/09/2025;174.07794189453125
05/09/2025;173.85128784179688
06/09/2025;165.92999
07/09/2025;170.7
08/09/2025;174.66915893554688
09/09/2025;174.9647674560547
10/09/2025;175.26039123535156
11/09/2025;176.8468475341797
12/09/2025;176.63006591796875
15/09/2025;177.5464630126953
16/09/2025;177.3789520263672
17/09/2025;176.93553161621094
18/09/2025;177.86180114746094
19/09/2025;178.39390563964844
22/09/2025;179.0541229248047
23/09/2025;178.32493591308594
24/09/2025;177.5267791748047
25/09/2025;176.71875
26/09/2025;177.66473388671875
29/09/2025;178.2855224609375
30/09/2025;178.90631103515625
01/10/2025;179.69461059570312
02/10/2025;179.97052001953125
03/10/2025;180.33511352539062
04/10/2025;144.10001
06/10/2025;180.9263458251953
07/10/2025;179.9508056640625
08/10/2025;180.83766174316406
09/10/2025;180.0000762939453
10/10/2025;175.5954132080078
11/10/2025;185.17
12/10/2025;187.13
13/10/2025;178.00961303710938
14/10/2025;178.1278533935547
15/10/2025;178.85702514648438
16/10/2025;178.23626708984375
17/10/2025;178.9851531982422
20/10/2025;180.56175231933594
21/10/2025;180.18731689453125
22/10/2025;179.3300323486328
23/10/2025;180.48292541503906
24/10/2025;181.59640502929688
27/10/2025;183.53759765625
28/10/2025;183.9120635986328
29/10/2025;183.4883575439453
30/10/2025;181.95114135742188
31/10/2025;182.32559204101562
02/11/2025;161.97
03/11/2025;182.65077209472656
04/11/2025;180.4040985107422
05/11/2025;181.22195434570312
06/11/2025;179.5074005126953
07/11/2025;179.89169311523438
08/11/2025;173.10001
09/11/2025;179.47
10/11/2025;182.4635467529297
11/11/2025;183.044921875
12/11/2025;183.51791381835938
13/11/2025;180.55191040039062
14/11/2025;180.5124969482422
17/11/2025;178.63040161132812
18/11/2025;177.14248657226562
19/11/2025;177.42823791503906
20/11/2025;174.7085723876953
21/11/2025;176.56109619140625
24/11/2025;178.5121612548828
25/11/2025;180.54205322265625
26/11/2025;182.0299835205078
28/11/2025;182.94639587402344
01/12/2025;182.12852478027344
02/12/2025;182.5719451904297
03/12/2025;183.3405303955078
04/12/2025;183.52777099609375
05/12/2025;183.85293579101562
06/12/2025;166.97
08/12/2025;183.19273376464844
09/12/2025;183.16317749023438
10/12/2025;184.39491271972656
11/12/2025;185.10438537597656
12/12/2025;183.37008666992188
15/12/2025;183.53759765625
16/12/2025;182.96644592285156
17/12/2025;181.0790557861328
18/12/2025;182.44989013671875
19/12/2025;183.94985961914062
22/12/2025;185.05247497558594
23/12/2025;185.9663848876953
24/12/2025;186.47299194335938
26/12/2025;186.56239318847656
29/12/2025;185.85711669921875
30/12/2025;185.7677001953125
31/12/2025;184.53594970703125
02/01/2026;185.27102661132812
04/01/2026;181.81
05/01/2026;186.7610626220703
06/01/2026;187.724609375
07/01/2026;186.96966552734375
08/01/2026;186.98953247070312
09/01/2026;188.27096557617188
12/01/2026;188.78750610351562
13/01/2026;188.27096557617188
14/01/2026;187.67494201660156
15/01/2026;187.99282836914062
16/01/2026;187.95309448242188
20/01/2026;184.40679931640625
21/01/2026;186.41339111328125
22/01/2026;187.30740356445312
23/01/2026;187.6054229736328
26/01/2026;188.6484375
27/01/2026;190.01927185058594
28/01/2026;189.5225830078125
29/01/2026;189.53253173828125
30/01/2026;188.37030029296875
01/02/2026;186.50999
02/02/2026;189.39346313476562
03/02/2026;188.1815643310547
04/02/2026;187.724609375
05/02/2026;185.2213592529297
06/02/2026;188.97625732421875
09/02/2026;190.56561279296875
10/02/2026;190.3272247314453
11/02/2026;190.55569458007812
12/02/2026;187.7643585205078
13/02/2026;188.14181518554688
17/02/2026;188.20143127441406
18/02/2026;189.14512634277344
19/02/2026;188.62857055664062
20/02/2026;189.91993713378906
23/02/2026;188.2411651611328
24/02/2026;189.5027313232422
25/02/2026;191.0920867919922
26/02/2026;190.40667724609375
27/02/2026;189.572265625
02/03/2026;188.91664123535156
03/03/2026;185.9663848876953
04/03/2026;187.56568908691406
05/03/2026;185.84716796875
06/03/2026;183.75119018554688
09/03/2026;185.21142578125
10/03/2026;185.1220245361328
11/03/2026;184.78428649902344
12/03/2026;181.93333435058594
13/03/2026;180.5426483154297
16/03/2026;182.8174285888672
17/03/2026;183.2644500732422
18/03/2026;180.56251525878906
19/03/2026;180.15524291992188
20/03/2026;176.8175506591797
23/03/2026;179.34068298339844
24/03/2026;178.6552734375
25/03/2026;179.9863739013672
26/03/2026;176.85728454589844
27/03/2026;177.79352569580078
30/03/2026;178.72976684570312
31/03/2026;179.66600799560547
01/04/2026;180.6022491455078
02/04/2026;180.51284790039062
03/04/2026;188.82001
06/04/2026;181.3075408935547
07/04/2026;181.2578582763672
08/04/2026;186.41339111328125
09/04/2026;187.10873413085938
10/04/2026;187.12860107421875
13/04/2026;188.72792053222656
14/04/2026;190.72454833984375
15/04/2026;192.04571533203125
16/04/2026;192.09539794921875
17/04/2026;192.0622812906901
20/04/2026;192.02916463216147
21/04/2026;191.9960479736328
22/04/2026;193.62515258789062
23/04/2026;192.532470703125
24/04/2026;193.97283935546875
27/04/2026;194.15164184570312
28/04/2026;193.13841247558594
29/04/2026;192.58212280273438
30/04/2026;195.2443389892578
01/05/2026;195.4529266357422
02/05/2026;186.46001
03/05/2026;187.089996
04/05/2026;194.2609100341797
05/05/2026;195.7211456298828
06/05/2026;199.29722595214844
07/05/2026;197.79725646972656
08/05/2026;199.30715942382812
11/05/2026;199.5455780029297
12/05/2026;199.23764038085938
13/05/2026;200.29058837890625
14/05/2026;201.39321899414062
15/05/2026;198.59194946289062
18/05/2026;198.9197540283203
19/05/2026;197.64825439453125
20/05/2026;200.15151977539062
21/05/2026;200.72767639160156
22/05/2026;201.1945343017578
26/05/2026;202.64483642578125
27/05/2026;202.55543518066406
28/05/2026;203.4395294189453
29/05/2026;203.5686492919922
01/06/2026;203.9958038330078
02/06/2026;204.8103485107422
03/06/2026;203.29051208496094
04/06/2026;204.30374145507812
05/06/2026;199.04888916015625
08/06/2026;199.71444702148438
09/06/2026;199.04888916015625
10/06/2026;196.12841796875
11/06/2026;200.201171875
12/06/2026;200.97601318359375
15/06/2026;203.6300048828125
16/06/2026;203.10000610351562
17/06/2026;200.99000549316406
18/06/2026;202.72999572753906
22/06/2026;202.3699951171875
23/06/2026;199.42999267578125
24/06/2026;199.0
25/06/2026;199.2899932861328
26/06/2026;197.36000061035156
29/06/2026;201.24000549316406
30/06/2026;202.63999938964844
01/07/2026;202.0800018310547
02/07/2026;202.64999389648438
04/07/2026;182.47
06/07/2026;204.44000244140625
07/07/2026;203.1300048828125
08/07/2026;202.2899932861328
09/07/2026;203.72999572753906
10/07/2026;204.6300048828125
13/07/2026;203.00999450683594
14/07/2026;203.97999572753906
15/07/2026;204.75
16/07/2026;203.5800018310547
17/07/2026;201.89999389648438
20/07/2026;201.10000610351562
21/07/2026;203.1300048828125
22/07/2026;203.10000610351562
23/07/2026;200.61000061035156
24/07/2026;200.8800048828125
27/07/2026;201.25999450683594
28/07/2026;201.8000030517578
29/07/2026;199.17999267578125
30/07/2026;202.97999572753906
31/07/2026;203.3699951171875
01/08/2026;188.24001
03/08/2026;205.85000610351562
04/08/2026;209.24000549316406
05/08/2026;209.14999389648438
06/08/2026;208.6300048828125
07/08/2026;210.47000122070312
10/08/2026;210.11000061035156
11/08/2026;209.69000244140625
12/08/2026;210.3800048828125
13/08/2026;211.50999450683594
14/08/2026;211.2100067138672
17/08/2026;210.42999267578125
18/08/2026;208.74000549316406
19/08/2026;209.22000122070312
20/08/2026;207.8300018310547
21/08/2026;209.07000732421875
24/08/2026;208.47999572753906
25/08/2026;209.3300018310547
26/08/2026;208.9600067138672
27/08/2026;209.92999267578125
28/08/2026;209.42999267578125
31/08/2026;208.82000732421875
01/09/2026;207.02999877929688
02/09/2026;208.0
03/09/2026;210.33999633789062
04/09/2026;209.82000732421875
08/09/2026;208.6300048828125
09/09/2026;207.4499969482422
10/09/2026;205.8699951171875
11/09/2026;207.69000244140625
14/09/2026;206.8000030517578
15/09/2026;205.6300048828125
16/09/2026;204.7100067138672
17/09/2026;207.2100067138672
18/09/2026;206.77000427246094
21/09/2026;209.6999969482422
02/10/2026;191.60001
03/10/2026;186.36
04/10/2026;188.38
02/11/2026;191.83
03/11/2026;186.020004
01/12/2026;190.050003
02/12/2026;189.020004
03/12/2026;183.14999
