date;close
02/01/2012;52.96
03/01/2012;55.0
05/01/2012;55.37
06/01/2012;50.49
08/01/2012;52.56
10/01/2012;56.060001
11/01/2012;55.36
12/01/2012;38.219696044921875
13/01/2012;38.50083351135254
17/01/2012;38.7819709777832
18/01/2012;39.06310844421387
19/01/2012;39.34424591064453
20/01/2012;39.34424591064453
23/01/2012;39.34424591064453
24/01/2012;39.24546813964844
25/01/2012;39.24546813964844
26/01/2012;39.24546813964844
27/01/2012;39.24546813964844
30/01/2012;39.24546813964844
31/01/2012;39.24546813964844
01/02/2012;40.24085235595703
02/02/2012;40.24085235595703
03/02/2012;40.70435333251953
04/02/2012;54.98
05/02/2012;54.84
06/02/2012;40.70435333251953
07/02/2012;40.70435333251953
08/02/2012;40.70435333251953
09/02/2012;40.70435333251953
10/02/2012;40.70435333251953
11/02/2012;55.37
13/02/2012;40.70435333251953
14/02/2012;40.70435333251953
15/02/2012;40.70435333251953
16/02/2012;40.70435333251953
17/02/2012;40.70435333251953
21/02/2012;41.790916442871094
22/02/2012;41.790916442871094
23/02/2012;41.790916442871094
24/02/2012;41.790916442871094
27/02/2012;41.790916442871094
28/02/2012;41.790916442871094
29/02/2012;41.790916442871094
01/03/2012;41.790916442871094
02/03/2012;41.39580154418945
04/03/2012;54.98
05/03/2012;41.39580154418945
06/03/2012;41.39580154418945
07/03/2012;41.39580154418945
08/03/2012;41.08427429199219
09/03/2012;41.236236572265625
10/03/2012;55.77
12/03/2012;41.236236572265625
13/03/2012;41.236236572265625
14/03/2012;41.593360900878906
15/03/2012;41.593360900878906
16/03/2012;41.593360900878906
19/03/2012;41.593360900878906
20/03/2012;41.593360900878906
21/03/2012;41.593360900878906
22/03/2012;41.593360900878906
23/03/2012;41.593360900878906
26/03/2012;41.593360900878906
27/03/2012;41.7263298034668
28/03/2012;41.85929870605469
29/03/2012;41.616153717041016
30/03/2012;41.775718688964844
02/04/2012;41.775718688964844
03/04/2012;41.775718688964844
04/04/2012;41.775718688964844
05/04/2012;41.22104263305664
06/04/2012;50.49
09/04/2012;40.8867073059082
10/04/2012;40.24846267700195
11/04/2012;40.62077331542969
12/04/2012;41.251426696777344
13/04/2012;41.251426696777344
16/04/2012;40.6435661315918
17/04/2012;41.46418380737305
18/04/2012;41.46418380737305
19/04/2012;41.46418380737305
20/04/2012;41.46418380737305
23/04/2012;41.46418380737305
24/04/2012;41.46418380737305
25/04/2012;41.46418380737305
26/04/2012;41.46418380737305
27/04/2012;41.94289016723633
30/04/2012;41.94289016723633
01/05/2012;42.072059631347656
02/05/2012;41.66932678222656
03/05/2012;41.66932678222656
04/05/2012;41.66932678222656
06/05/2012;49.33
07/05/2012;40.7955322265625
08/05/2012;40.7955322265625
09/05/2012;40.04330825805664
10/05/2012;40.04330825805664
11/05/2012;40.04330825805664
12/05/2012;55.87
14/05/2012;39.481014251708984
15/05/2012;39.481014251708984
16/05/2012;39.481014251708984
17/05/2012;38.660404205322266
18/05/2012;38.32606506347656
21/05/2012;38.32606506347656
22/05/2012;38.32606506347656
23/05/2012;38.11332321166992
24/05/2012;38.11332321166992
25/05/2012;38.11332321166992
29/05/2012;38.11332321166992
30/05/2012;38.53883361816406
31/05/2012;38.36406707763672
01/06/2012;38.36406707763672
02/06/2012;53.57
03/06/2012;54.48
04/06/2012;38.36406707763672
05/06/2012;38.31467247009277
06/06/2012;38.26527786254883
07/06/2012;38.26527786254883
08/06/2012;38.26527786254883
09/06/2012;53.63
11/06/2012;38.26527786254883
12/06/2012;38.26527786254883
13/06/2012;38.26527786254883
14/06/2012;38.26527786254883
15/06/2012;38.26527786254883
18/06/2012;38.26527786254883
19/06/2012;40.005313873291016
20/06/2012;39.89893341064453
21/06/2012;39.20529556274414
22/06/2012;39.20529556274414
25/06/2012;39.20529556274414
26/06/2012;39.20529556274414
27/06/2012;39.20529556274414
28/06/2012;39.20529556274414
29/06/2012;39.20529556274414
02/07/2012;39.20529556274414
03/07/2012;39.20529556274414
05/07/2012;39.20529556274414
06/07/2012;39.20529556274414
08/07/2012;53.080002
09/07/2012;39.536705017089844
10/07/2012;39.536705017089844
11/07/2012;39.536705017089844
12/07/2012;39.536705017089844
13/07/2012;39.536705017089844
16/07/2012;39.536705017089844
17/07/2012;39.536705017089844
18/07/2012;40.022239685058594
19/07/2012;40.022239685058594
20/07/2012;40.022239685058594
23/07/2012;40.022239685058594
24/07/2012;40.022239685058594
25/07/2012;40.022239685058594
26/07/2012;39.69854736328125
27/07/2012;40.03767013549805
30/07/2012;40.50777816772461
31/07/2012;40.50777816772461
01/08/2012;40.50777816772461
02/08/2012;40.2996940612793
03/08/2012;39.62147521972656
05/08/2012;53.69
06/08/2012;40.908546447753906
07/08/2012;40.908546447753906
08/08/2012;41.162864685058594
09/08/2012;41.162864685058594
10/08/2012;41.162864685058594
11/08/2012;55.15
13/08/2012;41.162864685058594
14/08/2012;41.162864685058594
15/08/2012;41.162864685058594
16/08/2012;41.162864685058594
17/08/2012;41.486576080322266
20/08/2012;41.486576080322266
21/08/2012;41.486576080322266
22/08/2012;41.5405158996582
23/08/2012;41.44032287597656
24/08/2012;41.44032287597656
27/08/2012;41.60987854003906
28/08/2012;41.60987854003906
29/08/2012;41.60987854003906
30/08/2012;41.162864685058594
31/08/2012;41.35554504394531
02/09/2012;53.57
03/09/2012;54.27
04/09/2012;41.35554504394531
05/09/2012;41.33242416381836
06/09/2012;41.33242416381836
07/09/2012;42.61948776245117
08/09/2012;53.41
10/09/2012;42.50387954711914
11/09/2012;42.742794036865234
12/09/2012;42.83527374267578
13/09/2012;43.70616912841797
14/09/2012;43.921958923339844
17/09/2012;43.74469757080078
18/09/2012;43.62910461425781
19/09/2012;43.62910461425781
20/09/2012;43.62910461425781
21/09/2012;43.683040618896484
24/09/2012;43.683040618896484
25/09/2012;43.683040618896484
26/09/2012;42.812171936035156
27/09/2012;43.20521545410156
28/09/2012;43.20521545410156
01/10/2012;43.20521545410156
02/10/2012;43.20521545410156
03/10/2012;42.98171615600586
04/10/2012;42.98171615600586
05/10/2012;42.98171615600586
07/10/2012;51.3
08/10/2012;43.297698974609375
09/10/2012;42.858402252197266
10/10/2012;42.4653434753418
11/10/2012;42.75050354003906
12/10/2012;42.75050354003906
15/10/2012;42.75050354003906
16/10/2012;42.75050354003906
17/10/2012;42.75050354003906
18/10/2012;43.297698974609375
19/10/2012;43.297698974609375
22/10/2012;43.297698974609375
23/10/2012;43.297698974609375
24/10/2012;43.297698974609375
25/10/2012;42.234134674072266
26/10/2012;42.234134674072266
31/10/2012;42.234134674072266
01/11/2012;42.66572570800781
02/11/2012;42.67343521118164
04/11/2012;53.46
05/11/2012;42.67343521118164
06/11/2012;42.50387954711914
07/11/2012;42.50387954711914
08/11/2012;42.50387954711914
09/11/2012;41.44032287597656
10/11/2012;55.47
12/11/2012;41.44032287597656
13/11/2012;41.278480529785156
14/11/2012;40.84688186645508
15/11/2012;40.84688186645508
16/11/2012;40.84688186645508
19/11/2012;41.80255126953125
20/11/2012;41.66382598876953
21/11/2012;41.66382598876953
23/11/2012;41.66382598876953
26/11/2012;41.66382598876953
27/11/2012;42.50387954711914
28/11/2012;42.50387954711914
29/11/2012;42.958595275878906
30/11/2012;42.958595275878906
01/12/2012;50.3
03/12/2012;42.72738265991211
04/12/2012;42.53470993041992
05/12/2012;43.058773040771484
06/12/2012;42.858402252197266
07/12/2012;42.99711608886719
09/12/2012;55.58
10/12/2012;42.99711608886719
11/12/2012;42.99711608886719
12/12/2012;42.99711608886719
13/12/2012;42.99711608886719
14/12/2012;42.99711608886719
17/12/2012;43.58285903930664
18/12/2012;43.63676452636719
19/12/2012;43.63676452636719
20/12/2012;43.80475044250488
21/12/2012;43.97273635864258
24/12/2012;43.97273635864258
26/12/2012;43.97273635864258
27/12/2012;43.71489334106445
28/12/2012;43.63676452636719
31/12/2012;43.83990478515625
02/01/2013;43.94929504394531
03/01/2013;44.95720291137695
04/01/2013;44.4024658203125
05/01/2013;61.39
07/01/2013;44.14461898803711
08/01/2013;44.04304885864258
09/01/2013;44.34255854288737
10/01/2013;44.642068227132164
11/01/2013;44.94157791137695
14/01/2013;44.94157791137695
15/01/2013;44.94939041137695
16/01/2013;44.94939041137695
17/01/2013;44.94939041137695
18/01/2013;45.011898040771484
22/01/2013;45.011898040771484
23/01/2013;45.504127502441406
24/01/2013;45.99635696411133
25/01/2013;45.64476013183594
28/01/2013;45.855709075927734
29/01/2013;45.96509552001953
30/01/2013;45.96509552001953
31/01/2013;45.902591705322266
01/02/2013;46.45732879638672
04/02/2013;46.097923278808594
05/02/2013;46.23856544494629
06/02/2013;46.379207611083984
07/02/2013;46.379207611083984
08/02/2013;46.465152740478516
10/02/2013;65.4
11/02/2013;46.41045379638672
12/02/2013;46.24637985229492
13/02/2013;46.340145111083984
14/02/2013;46.340145111083984
15/02/2013;46.340145111083984
19/02/2013;46.58234405517578
20/02/2013;46.60578536987305
21/02/2013;45.574440002441406
22/02/2013;46.00415802001953
25/02/2013;46.027610778808594
26/02/2013;45.441627502441406
27/02/2013;46.05885696411133
28/02/2013;46.191673278808594
01/03/2013;46.05885696411133
04/03/2013;45.840091705322266
05/03/2013;46.60578536987305
06/03/2013;46.465152740478516
07/03/2013;46.56671905517578
08/03/2013;47.0823974609375
09/03/2013;62.95
10/03/2013;64.83
11/03/2013;46.840187072753906
12/03/2013;46.76986312866211
13/03/2013;46.74642562866211
14/03/2013;47.32460021972656
15/03/2013;47.3870964050293
18/03/2013;47.0745735168457
19/03/2013;46.824554443359375
20/03/2013;46.855804443359375
21/03/2013;46.86361312866211
22/03/2013;47.1136474609375
25/03/2013;46.933937072753906
26/03/2013;47.168331146240234
27/03/2013;47.168331146240234
28/03/2013;47.168331146240234
01/04/2013;46.87924575805664
02/04/2013;47.410552978515625
03/04/2013;46.75422668457031
04/04/2013;47.23084259033203
05/04/2013;46.95737838745117
06/04/2013;64.2
08/04/2013;46.95737838745117
09/04/2013;47.55118179321289
10/04/2013;48.13716125488281
11/04/2013;48.6606559753418
12/04/2013;48.33250427246094
15/04/2013;47.10582733154297
16/04/2013;47.93403625488281
17/04/2013;46.699546813964844
18/04/2013;46.801109313964844
19/04/2013;46.801109313964844
22/04/2013;46.801109313964844
23/04/2013;47.3402214050293
24/04/2013;47.84027099609375
25/04/2013;50.0201530456543
26/04/2013;47.66056823730469
29/04/2013;47.89496612548828
30/04/2013;48.44189453125
01/05/2013;47.96527862548828
02/05/2013;48.949745178222656
03/05/2013;49.223209381103516
04/05/2013;60.099998
06/05/2013;49.71543884277344
07/05/2013;49.83263397216797
08/05/2013;50.03578186035156
09/05/2013;50.629581451416016
10/05/2013;50.51239013671875
11/05/2013;68.25
12/05/2013;67.71
13/05/2013;50.69989776611328
14/05/2013;49.793582916259766
15/05/2013;49.793582916259766
16/05/2013;51.418724060058594
17/05/2013;50.70771789550781
20/05/2013;50.34049606323242
21/05/2013;51.66093444824219
22/05/2013;50.25455093383789
23/05/2013;50.25455093383789
24/05/2013;48.910682678222656
28/05/2013;49.262271881103516
29/05/2013;49.06694793701172
30/05/2013;49.06694793701172
31/05/2013;49.6998176574707
02/06/2013;59.36
03/06/2013;48.816925048828125
04/06/2013;50.16078186035156
05/06/2013;48.6294059753418
06/06/2013;48.6294059753418
07/06/2013;48.48095703125
08/06/2013;65.52
09/06/2013;64.33
10/06/2013;48.65284729003906
11/06/2013;48.01216125488281
12/06/2013;50.0201530456543
13/06/2013;50.0201530456543
14/06/2013;50.0201530456543
17/06/2013;50.46550750732422
18/06/2013;50.46550750732422
19/06/2013;50.39520263671875
20/06/2013;48.63722229003906
21/06/2013;48.5590934753418
24/06/2013;46.097923278808594
25/06/2013;46.097923278808594
26/06/2013;48.59815979003906
27/06/2013;47.5437126159668
28/06/2013;47.5437126159668
01/07/2013;47.52407455444336
02/07/2013;47.50443649291992
03/07/2013;48.132999420166016
05/07/2013;48.71443557739258
06/07/2013;62.049999
08/07/2013;48.71443557739258
09/07/2013;48.71443557739258
10/07/2013;48.71443557739258
11/07/2013;49.35873031616211
12/07/2013;49.97158432006836
15/07/2013;49.67301559448242
16/07/2013;50.875152587890625
17/07/2013;50.67873764038086
18/07/2013;51.7237434387207
19/07/2013;51.7237434387207
22/07/2013;50.702293395996094
23/07/2013;50.278018951416016
24/07/2013;50.16801452636719
25/07/2013;50.5215950012207
26/07/2013;50.29373550415039
29/07/2013;51.495872497558594
30/07/2013;51.495872497558594
31/07/2013;50.3094482421875
01/08/2013;50.97730255126953
02/08/2013;50.97730255126953
03/08/2013;60.26
04/08/2013;60.099998
05/08/2013;52.100868225097656
06/08/2013;51.48015594482422
07/08/2013;51.03230285644531
08/08/2013;52.34444808959961
09/08/2013;52.34444808959961
10/08/2013;64.019997
11/08/2013;67.050003
12/08/2013;52.05373764038086
13/08/2013;52.05373764038086
14/08/2013;52.17160415649414
15/08/2013;51.2130241394043
16/08/2013;49.893001556396484
19/08/2013;49.893001556396484
20/08/2013;49.893001556396484
21/08/2013;49.50015640258789
22/08/2013;50.71015548706055
23/08/2013;50.71015548706055
26/08/2013;50.615875244140625
27/08/2013;48.753726959228516
28/08/2013;49.955875396728516
29/08/2013;48.95015335083008
30/08/2013;49.460880279541016
01/09/2013;56.37
03/09/2013;49.460880279541016
04/09/2013;49.460880279541016
05/09/2013;50.29373550415039
06/09/2013;50.5451545715332
07/09/2013;62.0
08/09/2013;66.62
09/09/2013;50.27015686035156
10/09/2013;50.27015686035156
11/09/2013;50.27015686035156
12/09/2013;50.993019104003906
13/09/2013;50.718021392822266
16/09/2013;50.9144401550293
17/09/2013;51.09516525268555
18/09/2013;52.60371780395508
19/09/2013;52.242313385009766
20/09/2013;52.44659423828125
23/09/2013;52.242313385009766
24/09/2013;51.52730178833008
25/09/2013;52.4780158996582
26/09/2013;52.4780158996582
27/09/2013;52.17160415649414
30/09/2013;52.242313385009766
01/10/2013;51.84943771362305
02/10/2013;51.38587951660156
03/10/2013;50.93802261352539
04/10/2013;51.18159103393555
05/10/2013;64.65
06/10/2013;62.27
07/10/2013;50.85945510864258
08/10/2013;50.30158615112305
09/10/2013;50.95372772216797
10/10/2013;50.94586944580078
11/10/2013;51.99873352050781
12/10/2013;68.45
14/10/2013;51.433013916015625
15/10/2013;51.15016174316406
16/10/2013;52.78445816040039
17/10/2013;53.1851692199707
18/10/2013;53.28731918334961
21/10/2013;53.090877532958984
22/10/2013;53.538734436035156
23/10/2013;53.10660171508789
24/10/2013;53.34231185913086
25/10/2013;53.50731658935547
28/10/2013;53.85302734375
29/10/2013;53.90803146362305
30/10/2013;53.66444396972656
31/10/2013;53.570167541503906
01/11/2013;53.68803024291992
02/11/2013;59.4
03/11/2013;59.95
04/11/2013;53.915889739990234
05/11/2013;53.62517166137695
06/11/2013;53.22445297241211
07/11/2013;53.31874465942383
08/11/2013;52.682315826416016
09/11/2013;63.98
10/11/2013;66.18
11/11/2013;52.682315826416016
12/11/2013;52.682315826416016
13/11/2013;53.44445037841797
14/11/2013;53.42874526977539
15/11/2013;53.6566047668457
18/11/2013;54.77230453491211
19/11/2013;53.42874526977539
20/11/2013;53.46015930175781
21/11/2013;54.40303421020508
22/11/2013;54.599456787109375
25/11/2013;54.04945373535156
26/11/2013;53.97873306274414
27/11/2013;54.06517791748047
29/11/2013;54.662315368652344
02/12/2013;53.868736267089844
03/12/2013;53.49945831298828
04/12/2013;53.47587966918945
05/12/2013;53.20087814331055
06/12/2013;53.79803466796875
07/12/2013;63.6
08/12/2013;66.25
09/12/2013;53.87659454345703
10/12/2013;53.78229522705078
11/12/2013;53.177310943603516
12/12/2013;52.48588943481445
13/12/2013;52.619441986083984
16/12/2013;53.33445358276367
17/12/2013;53.130165100097656
18/12/2013;53.99465560913086
19/12/2013;53.947235107421875
20/12/2013;53.947235107421875
23/12/2013;54.563594818115234
24/12/2013;54.152687072753906
26/12/2013;54.95079803466797
27/12/2013;54.713741302490234
30/12/2013;55.17205047607422
31/12/2013;55.52763366699219
02/01/2014;54.95869827270508
03/01/2014;54.95869827270508
04/01/2014;71.26
05/01/2014;72.16
06/01/2014;54.492469787597656
07/01/2014;55.17205047607422
08/01/2014;55.037723541259766
09/01/2014;54.48457717895508
10/01/2014;55.14043426513672
12/01/2014;73.13
13/01/2014;54.919193267822266
14/01/2014;54.83226013183594
15/01/2014;55.33009338378906
16/01/2014;55.31428146362305
17/01/2014;55.21157455444336
21/01/2014;55.432830810546875
22/01/2014;55.48023223876953
23/01/2014;54.72954177856445
24/01/2014;53.820796966552734
27/01/2014;53.504722595214844
28/01/2014;53.96305465698242
29/01/2014;53.36248016357422
30/01/2014;53.552146911621094
31/01/2014;53.24393844604492
01/02/2014;69.55
03/02/2014;52.20087814331055
04/02/2014;52.45375061035156
05/02/2014;52.366825103759766
06/02/2014;53.26767349243164
07/02/2014;53.852413177490234
09/02/2014;73.23
10/02/2014;53.81290817260742
11/02/2014;54.713741302490234
12/02/2014;54.824363708496094
13/02/2014;54.96658706665039
14/02/2014;55.116737365722656
18/02/2014;55.25107955932617
19/02/2014;55.282676696777344
20/02/2014;55.432830810546875
21/02/2014;55.432830810546875
24/02/2014;55.978065490722656
25/02/2014;55.7172966003418
26/02/2014;55.472320556640625
27/02/2014;55.1562385559082
28/02/2014;56.05708312988281
01/03/2014;69.55
02/03/2014;66.059998
03/03/2014;55.31428146362305
04/03/2014;56.02547836303711
05/03/2014;56.21511459350586
06/03/2014;56.57071304321289
07/03/2014;56.499595642089844
09/03/2014;73.77
10/03/2014;56.1281852722168
11/03/2014;55.551353454589844
12/03/2014;55.67778015136719
13/03/2014;55.16414260864258
14/03/2014;54.911285400390625
17/03/2014;54.911285400390625
18/03/2014;55.116737365722656
19/03/2014;55.81211853027344
20/03/2014;55.56715774536133
21/03/2014;55.306396484375
24/03/2014;55.09303283691406
25/03/2014;55.51974868774414
26/03/2014;55.978065490722656
27/03/2014;55.274784088134766
28/03/2014;55.227352142333984
31/03/2014;56.254642486572266
01/04/2014;56.30994415283203
02/04/2014;56.46009063720703
03/04/2014;55.90694808959961
04/04/2014;55.543453216552734
06/04/2014;73.28
07/04/2014;55.06932830810547
08/04/2014;55.82001495361328
09/04/2014;55.598751068115234
10/04/2014;55.535552978515625
11/04/2014;55.1562385559082
12/04/2014;73.11
14/04/2014;55.37750244140625
15/04/2014;54.919193267822266
16/04/2014;55.81211853027344
17/04/2014;56.21511459350586
21/04/2014;55.94647216796875
22/04/2014;56.34156036376953
23/04/2014;56.34156036376953
24/04/2014;56.365257263183594
25/04/2014;56.080780029296875
28/04/2014;55.50393295288086
29/04/2014;56.61022186279297
30/04/2014;55.90694808959961
01/05/2014;57.0211296081543
02/05/2014;56.33365249633789
03/05/2014;71.14
05/05/2014;56.68135070800781
06/05/2014;56.58652877807617
07/05/2014;56.15190505981445
08/05/2014;56.88679504394531
09/05/2014;56.69715118408203
11/05/2014;72.17
12/05/2014;56.81566619873047
13/05/2014;56.73664474487305
14/05/2014;57.044837951660156
15/05/2014;56.55491638183594
16/05/2014;56.15190505981445
19/05/2014;56.15190505981445
20/05/2014;56.48378372192383
21/05/2014;56.85517883300781
22/05/2014;56.74454879760742
23/05/2014;56.7919807434082
27/05/2014;57.1475715637207
28/05/2014;57.48735427856445
29/05/2014;57.645389556884766
30/05/2014;57.68490219116211
01/06/2014;68.96
02/06/2014;57.52687072753906
03/06/2014;57.882442474365234
04/06/2014;57.90616226196289
05/06/2014;58.095802307128906
06/06/2014;58.49089431762695
08/06/2014;70.75
09/06/2014;58.56202697753906
10/06/2014;58.261749267578125
11/06/2014;58.151123046875
12/06/2014;57.68490219116211
13/06/2014;57.795528411865234
16/06/2014;57.81923294067383
17/06/2014;57.96937942504883
18/06/2014;58.24595642089844
19/06/2014;58.54623031616211
20/06/2014;58.6252555847168
23/06/2014;58.52251052856445
24/06/2014;58.15902328491211
25/06/2014;58.20868682861328
26/06/2014;58.37685775756836
27/06/2014;58.37685775756836
30/06/2014;58.43292999267578
01/07/2014;58.96152877807617
02/07/2014;59.14572525024414
03/07/2014;59.369964599609375
04/07/2014;69.69
05/07/2014;71.059998
07/07/2014;58.89744186401367
08/07/2014;58.16864013671875
09/07/2014;58.65719223022461
10/07/2014;58.08053207397461
11/07/2014;58.32080078125
14/07/2014;58.641151428222656
15/07/2014;58.71323776245117
16/07/2014;59.02558517456055
17/07/2014;58.18466567993164
18/07/2014;58.90545654296875
21/07/2014;58.77730941772461
22/07/2014;58.921470642089844
23/07/2014;59.13770294189453
24/07/2014;59.177764892578125
25/07/2014;58.89744186401367
28/07/2014;58.67320251464844
29/07/2014;58.7292594909668
30/07/2014;58.51301193237305
31/07/2014;57.47186279296875
01/08/2014;57.24761199951172
04/08/2014;57.63203048706055
05/08/2014;56.847171783447266
06/08/2014;56.662967681884766
07/08/2014;56.430694580078125
08/08/2014;56.79111862182617
09/08/2014;73.16
10/08/2014;71.080002
11/08/2014;57.047386169433594
12/08/2014;56.887203216552734
13/08/2014;57.23960876464844
14/08/2014;57.60800552368164
15/08/2014;57.495887756347656
18/08/2014;58.12057113647461
19/08/2014;58.27276611328125
20/08/2014;58.33680725097656
21/08/2014;58.80134582519531
22/08/2014;58.27276611328125
25/08/2014;58.7532958984375
26/08/2014;59.001548767089844
27/08/2014;58.99353790283203
28/08/2014;58.889434814453125
29/08/2014;59.06563949584961
01/09/2014;68.95
02/09/2014;58.649166107177734
03/09/2014;59.08163070678711
04/09/2014;59.2017707824707
05/09/2014;58.82537841796875
06/09/2014;74.11
07/09/2014;73.24
08/09/2014;58.593101501464844
09/09/2014;58.41690444946289
10/09/2014;58.60111618041992
11/09/2014;58.22468566894531
12/09/2014;58.20067596435547
15/09/2014;58.04047393798828
16/09/2014;58.464962005615234
17/09/2014;58.11256408691406
18/09/2014;58.76129913330078
19/09/2014;58.76129913330078
22/09/2014;58.68119812011719
23/09/2014;57.840267181396484
24/09/2014;58.08053207397461
25/09/2014;57.53593444824219
26/09/2014;57.45585250854492
29/09/2014;57.23960876464844
30/09/2014;57.167510986328125
01/10/2014;56.73503875732422
02/10/2014;56.19843292236328
03/10/2014;56.64695358276367
04/10/2014;70.28
06/10/2014;56.39868927001953
07/10/2014;55.66986083984375
08/10/2014;56.92726516723633
09/10/2014;55.32548522949219
10/10/2014;54.86897277832031
11/10/2014;72.36
12/10/2014;71.75
13/10/2014;54.316368103027344
14/10/2014;53.93993377685547
15/10/2014;54.0040168762207
16/10/2014;53.835819244384766
17/10/2014;54.79689025878906
20/10/2014;55.101234436035156
21/10/2014;56.094322204589844
22/10/2014;55.693885803222656
23/10/2014;56.31056594848633
24/10/2014;56.15039825439453
27/10/2014;56.19044494628906
28/10/2014;57.047386169433594
29/10/2014;56.879188537597656
30/10/2014;56.89522933959961
31/10/2014;57.656063079833984
02/11/2014;69.24
03/11/2014;57.77620315551758
04/11/2014;57.52791976928711
05/11/2014;57.80022048950195
06/11/2014;57.81624221801758
07/11/2014;57.80823516845703
08/11/2014;71.23
09/11/2014;72.7
10/11/2014;57.952388763427734
11/11/2014;58.21669006347656
12/11/2014;58.08053207397461
13/11/2014;57.88832092285156
14/11/2014;58.14460372924805
17/11/2014;58.288761138916016
18/11/2014;58.440940856933594
19/11/2014;58.06452178955078
20/11/2014;58.21669006347656
21/11/2014;58.76129913330078
24/11/2014;58.76129913330078
25/11/2014;58.79332733154297
26/11/2014;58.85740280151367
28/11/2014;58.6892204284668
01/12/2014;58.5690803527832
02/12/2014;58.47296142578125
03/12/2014;58.809349060058594
04/12/2014;58.553043365478516
05/12/2014;58.77730941772461
06/12/2014;73.0
08/12/2014;58.408905029296875
09/12/2014;58.26474380493164
10/12/2014;57.4638557434082
11/12/2014;57.50387954711914
12/12/2014;56.614906311035156
15/12/2014;56.19044494628906
16/12/2014;55.701900482177734
17/12/2014;56.45969772338867
18/12/2014;58.07722091674805
19/12/2014;58.26324462890625
22/12/2014;58.5058479309082
23/12/2014;58.66762924194336
24/12/2014;58.93451690673828
26/12/2014;59.0073127746582
29/12/2014;58.837459564208984
30/12/2014;58.48969650268555
31/12/2014;57.95591735839844
02/01/2015;57.94783020019531
04/01/2015;73.17
05/01/2015;56.589107513427734
06/01/2015;55.83695983886719
07/01/2015;56.40309524536133
08/01/2015;57.65666580200195
09/01/2015;57.106712341308594
10/01/2015;66.83
12/01/2015;57.00157165527344
13/01/2015;56.59718322753906
14/01/2015;56.564842224121094
15/01/2015;56.1766357421875
16/01/2015;56.928794860839844
20/01/2015;57.21994400024414
21/01/2015;57.114803314208984
22/01/2015;57.826515197753906
23/01/2015;57.454490661621094
26/01/2015;58.174278259277344
27/01/2015;58.00444412231445
28/01/2015;57.19568634033203
29/01/2015;57.05818176269531
30/01/2015;56.50824737548828
01/02/2015;71.65
02/02/2015;57.502994537353516
03/02/2015;57.98017501831055
04/02/2015;57.600067138671875
05/02/2015;58.23898696899414
06/02/2015;58.08531951904297
07/02/2015;72.94
09/02/2015;57.664764404296875
10/02/2015;58.22280502319336
11/02/2015;58.22280502319336
12/02/2015;58.788936614990234
13/02/2015;59.03965759277344
17/02/2015;59.565345764160156
18/02/2015;59.816062927246094
19/02/2015;59.64623260498047
20/02/2015;60.01826858520508
23/02/2015;60.15576171875
24/02/2015;60.5439453125
25/02/2015;60.487335205078125
26/02/2015;60.28515625
27/02/2015;60.28515625
02/03/2015;60.42264938354492
03/03/2015;60.091060638427734
04/03/2015;59.91312789916992
05/03/2015;59.84032440185547
06/03/2015;59.05582046508789
08/03/2015;73.86
09/03/2015;59.36314010620117
10/03/2015;58.16618728637695
11/03/2015;58.23088836669922
12/03/2015;58.861717224121094
13/03/2015;58.54632568359375
16/03/2015;59.241844177246094
17/03/2015;59.08011245727539
18/03/2015;60.11530685424805
19/03/2015;59.597694396972656
20/03/2015;60.50352478027344
23/03/2015;60.72997283935547
24/03/2015;60.50352478027344
25/03/2015;60.01826858520508
26/03/2015;59.31463623046875
27/03/2015;59.355072021484375
30/03/2015;59.5249137878418
31/03/2015;59.41978073120117
01/04/2015;59.17713928222656
02/04/2015;59.573429107666016
03/04/2015;74.080002
05/04/2015;75.83
06/04/2015;60.32558059692383
07/04/2015;59.945491790771484
08/04/2015;60.11530685424805
09/04/2015;60.05870056152344
10/04/2015;60.59247589111328
11/04/2015;71.95
12/04/2015;72.07
13/04/2015;60.25279235839844
14/04/2015;60.487335205078125
15/04/2015;60.527774810791016
16/04/2015;60.649078369140625
17/04/2015;60.00209045410156
20/04/2015;60.65717315673828
21/04/2015;60.430721282958984
22/04/2015;60.6329231262207
23/04/2015;60.89982986450195
24/04/2015;61.15862274169922
27/04/2015;61.09391784667969
28/04/2015;61.199058532714844
29/04/2015;60.76231384277344
30/04/2015;60.47924041748047
01/05/2015;60.697628021240234
02/05/2015;72.010002
03/05/2015;73.99
04/05/2015;61.328460693359375
05/05/2015;60.5439453125
06/05/2015;60.26087951660156
07/05/2015;60.487335205078125
08/05/2015;61.31227111816406
10/05/2015;69.27
11/05/2015;61.207130432128906
12/05/2015;60.867462158203125
13/05/2015;61.24757766723633
14/05/2015;61.70050048828125
15/05/2015;61.85415267944336
18/05/2015;61.33653259277344
19/05/2015;62.452640533447266
20/05/2015;61.951194763183594
21/05/2015;62.12104797363281
22/05/2015;62.00780487060547
26/05/2015;61.11009216308594
27/05/2015;61.55492401123047
28/05/2015;61.207130432128906
29/05/2015;60.73805618286133
01/06/2015;61.01304244995117
02/06/2015;61.22332763671875
03/06/2015;61.11009216308594
04/06/2015;60.50352478027344
05/06/2015;60.43882369995117
07/06/2015;72.0
08/06/2015;60.034420013427734
09/06/2015;60.0991325378418
10/06/2015;61.01304244995117
11/06/2015;61.07774353027344
12/06/2015;60.65717315673828
15/06/2015;60.32558059692383
16/06/2015;60.471153259277344
17/06/2015;60.6652717590332
18/06/2015;60.56820297241211
19/06/2015;60.96451187133789
22/06/2015;61.037288665771484
23/06/2015;61.134334564208984
24/06/2015;60.624820709228516
25/06/2015;60.5315055847168
26/06/2015;60.752506256103516
29/06/2015;59.115638732910156
30/06/2015;59.09107208251953
01/07/2015;59.57396697998047
02/07/2015;59.69674301147461
04/07/2015;74.12
05/07/2015;74.79
06/07/2015;58.927391052246094
07/07/2015;59.131988525390625
08/07/2015;57.527862548828125
09/07/2015;58.65730667114258
10/07/2015;59.75400924682617
12/07/2015;71.52
13/07/2015;59.81130599975586
14/07/2015;60.32692337036133
15/07/2015;60.33510971069336
16/07/2015;60.809814453125
17/07/2015;60.79342269897461
20/07/2015;60.63792037963867
21/07/2015;60.50697708129883
22/07/2015;60.18777847290039
23/07/2015;60.40058898925781
24/07/2015;59.65578842163086
27/07/2015;59.074703216552734
28/07/2015;60.130496978759766
29/07/2015;60.44148635864258
30/07/2015;60.523338317871094
31/07/2015;60.64610290527344
01/08/2015;71.29
03/08/2015;60.44968032836914
04/08/2015;60.40058898925781
05/08/2015;60.6297492980957
06/08/2015;59.983184814453125
07/08/2015;60.08137893676758
09/08/2015;68.92
10/08/2015;60.54791259765625
11/08/2015;60.20414733886719
12/08/2015;59.704898834228516
13/08/2015;59.65578842163086
14/08/2015;59.713111877441406
17/08/2015;59.86040496826172
18/08/2015;59.93407440185547
19/08/2015;59.2629508972168
20/08/2015;57.85524368286133
21/08/2015;56.11197280883789
24/08/2015;55.21987533569336
25/08/2015;54.32777786254883
26/08/2015;55.7273063659668
27/08/2015;57.17593002319336
28/08/2015;57.19233322143555
31/08/2015;56.66032028198242
01/09/2015;54.97434997558594
02/09/2015;55.841880798339844
03/09/2015;55.75187301635742
04/09/2015;54.74519348144531
06/09/2015;74.31
07/09/2015;71.67
08/09/2015;56.4066047668457
09/09/2015;55.653656005859375
10/09/2015;55.76823043823242
11/09/2015;55.7273063659668
12/09/2015;70.43
14/09/2015;55.62091827392578
15/09/2015;56.16108322143555
16/09/2015;56.7339973449707
17/09/2015;56.7421760559082
18/09/2015;55.78458786010742
21/09/2015;55.735496520996094
22/09/2015;54.81884765625
23/09/2015;54.83521270751953
24/09/2015;54.8433952331543
25/09/2015;55.293540954589844
28/09/2015;53.394771575927734
29/09/2015;53.214717864990234
30/09/2015;54.64697265625
01/10/2015;54.69607162475586
02/10/2015;55.13803482055664
03/10/2015;71.92
04/10/2015;74.92
05/10/2015;56.69305419921875
06/10/2015;56.5703010559082
07/10/2015;57.061363220214844
08/10/2015;57.151390075683594
09/10/2015;57.3068962097168
11/10/2015;71.17
12/10/2015;57.28234100341797
13/10/2015;56.7339973449707
14/10/2015;56.922237396240234
15/10/2015;57.85524368286133
16/10/2015;57.85524368286133
19/10/2015;57.748844146728516
20/10/2015;57.822509765625
21/10/2015;57.298702239990234
22/10/2015;58.1580696105957
23/10/2015;58.55910110473633
26/10/2015;58.5099983215332
27/10/2015;58.419952392578125
28/10/2015;58.56727981567383
29/10/2015;58.99287033081055
30/10/2015;58.45270919799805
02/11/2015;58.93558120727539
03/11/2015;59.115638732910156
04/11/2015;58.886478424072266
05/11/2015;59.10744857788086
06/11/2015;58.747314453125
08/11/2015;73.56
09/11/2015;58.133514404296875
10/11/2015;58.24808120727539
11/11/2015;58.182613372802734
12/11/2015;57.462398529052734
13/11/2015;57.061363220214844
16/11/2015;57.92889404296875
17/11/2015;57.9943733215332
18/11/2015;58.534542083740234
19/11/2015;58.55910110473633
20/11/2015;58.78826141357422
23/11/2015;58.42815017700195
24/11/2015;58.69003677368164
25/11/2015;58.673667907714844
27/11/2015;58.49361801147461
30/11/2015;58.616397857666016
01/12/2015;58.976505279541016
02/12/2015;58.673667907714844
03/12/2015;58.117130279541016
04/12/2015;58.98468017578125
05/12/2015;75.26
06/12/2015;75.0
07/12/2015;58.534542083740234
08/12/2015;57.9780158996582
09/12/2015;57.642452239990234
10/12/2015;57.67518997192383
11/12/2015;56.57847213745117
14/12/2015;56.7421760559082
15/12/2015;57.24140930175781
16/12/2015;57.92889404296875
17/12/2015;57.298702239990234
18/12/2015;56.545738220214844
21/12/2015;56.79314041137695
22/12/2015;57.347511291503906
23/12/2015;58.24938201904297
24/12/2015;57.91841506958008
28/12/2015;57.984596252441406
29/12/2015;58.580352783203125
30/12/2015;57.92668533325195
31/12/2015;57.58745574951172
02/01/2016;65.39
03/01/2016;66.49
04/01/2016;56.76005172729492
05/01/2016;56.36289978027344
06/01/2016;55.70924758911133
07/01/2016;53.905494689941406
08/01/2016;53.62417221069336
09/01/2016;72.64
11/01/2016;53.7069206237793
12/01/2016;54.013065338134766
13/01/2016;52.87950897216797
14/01/2016;53.79793930053711
15/01/2016;52.07692337036133
19/01/2016;52.39134216308594
20/01/2016;51.70459747314453
21/01/2016;51.87834930419922
22/01/2016;53.11119079589844
25/01/2016;52.300323486328125
26/01/2016;53.23528289794922
27/01/2016;52.78850173950195
28/01/2016;53.01189422607422
29/01/2016;54.070980072021484
01/02/2016;54.10407257080078
02/02/2016;52.9870719909668
03/02/2016;53.359397888183594
04/02/2016;53.41733169555664
05/02/2016;52.40789031982422
06/02/2016;70.86
08/02/2016;51.638404846191406
09/02/2016;51.1419677734375
10/02/2016;51.19988250732422
11/02/2016;50.65379333496094
12/02/2016;51.40673065185547
16/02/2016;52.565101623535156
17/02/2016;53.38423156738281
18/02/2016;53.375953674316406
19/02/2016;53.21047592163086
22/02/2016;53.7896614074707
23/02/2016;53.078094482421875
24/02/2016;53.22702407836914
25/02/2016;53.888938903808594
26/02/2016;53.84756851196289
29/02/2016;53.75656509399414
01/03/2016;55.014217376708984
02/03/2016;55.26243591308594
03/03/2016;55.57685852050781
04/03/2016;56.09811019897461
05/03/2016;70.080002
06/03/2016;71.16
07/03/2016;55.8995475769043
08/03/2016;55.26243591308594
09/03/2016;55.684425354003906
10/03/2016;55.46929931640625
11/03/2016;56.77659606933594
14/03/2016;56.56146240234375
15/03/2016;56.42081069946289
16/03/2016;56.826229095458984
17/03/2016;57.16546630859375
18/03/2016;57.19029998779297
21/03/2016;57.21510696411133
22/03/2016;57.2647705078125
23/03/2016;56.569740295410156
24/03/2016;56.6524772644043
28/03/2016;56.81795883178711
29/03/2016;57.372314453125
30/03/2016;57.7198371887207
31/03/2016;57.39714050292969
01/04/2016;57.2564811706543
02/04/2016;64.56
03/04/2016;67.8
04/04/2016;57.107547760009766
05/04/2016;56.3215217590332
06/04/2016;57.16546630859375
07/04/2016;56.37117385864258
08/04/2016;57.049644470214844
10/04/2016;72.26
11/04/2016;56.80141830444336
12/04/2016;57.438507080078125
13/04/2016;58.30730056762695
14/04/2016;58.340389251708984
15/04/2016;58.15835189819336
18/04/2016;58.53068161010742
19/04/2016;59.14297103881836
20/04/2016;59.30017852783203
21/04/2016;58.82855224609375
22/04/2016;59.06850814819336
25/04/2016;58.70446014404297
26/04/2016;58.82027816772461
27/04/2016;58.96922302246094
28/04/2016;58.38175964355469
29/04/2016;58.009437561035156
01/05/2016;68.12
02/05/2016;58.778926849365234
03/05/2016;57.984596252441406
04/05/2016;57.30613327026367
05/05/2016;57.36405944824219
06/05/2016;57.30613327026367
07/05/2016;68.7
08/05/2016;72.089996
09/05/2016;57.58745574951172
10/05/2016;58.216278076171875
11/05/2016;57.678462982177734
12/05/2016;57.81086349487305
13/05/2016;57.12410354614258
16/05/2016;58.025970458984375
17/05/2016;57.2647705078125
18/05/2016;57.38059997558594
19/05/2016;57.14892578125
20/05/2016;57.471614837646484
23/05/2016;57.438507080078125
24/05/2016;58.08389663696289
25/05/2016;58.64653778076172
26/05/2016;58.51415252685547
27/05/2016;58.60514831542969
31/05/2016;58.48104476928711
01/06/2016;58.57205581665039
02/06/2016;58.629981994628906
03/06/2016;58.87820816040039
04/06/2016;69.089996
05/06/2016;69.26
06/06/2016;59.043678283691406
07/06/2016;59.30845642089844
08/06/2016;59.598045349121094
09/06/2016;59.09333419799805
10/06/2016;58.07562255859375
12/06/2016;72.84
13/06/2016;57.703285217285156
14/06/2016;57.24821472167969
15/06/2016;57.39714050292969
16/06/2016;57.479888916015625
17/06/2016;57.62055206298828
20/06/2016;58.45623016357422
21/06/2016;58.64653778076172
22/06/2016;58.56196975708008
23/06/2016;59.826148986816406
24/06/2016;56.4857177734375
27/06/2016;55.22156524658203
28/06/2016;56.30153274536133
29/06/2016;57.54058837890625
30/06/2016;58.04291534423828
01/07/2016;58.20197677612305
03/07/2016;67.56
04/07/2016;68.13
05/07/2016;57.515472412109375
06/07/2016;57.64942932128906
07/07/2016;57.515472412109375
08/07/2016;58.40291213989258
09/07/2016;73.52
10/07/2016;71.99
11/07/2016;58.813133239746094
12/07/2016;59.4996337890625
13/07/2016;59.57498550415039
14/07/2016;59.826148986816406
15/07/2016;59.65031814575195
18/07/2016;59.784271240234375
19/07/2016;59.700557708740234
20/07/2016;59.87635803222656
21/07/2016;59.826148986816406
22/07/2016;59.968467712402344
25/07/2016;59.90986633300781
26/07/2016;60.01869201660156
27/07/2016;59.83451843261719
28/07/2016;60.11078643798828
29/07/2016;60.45404052734375
01/08/2016;60.18614959716797
02/08/2016;59.926597595214844
03/08/2016;59.77589797973633
04/08/2016;59.926597595214844
05/08/2016;60.35356903076172
06/08/2016;72.029999
07/08/2016;69.76
08/08/2016;60.487518310546875
09/08/2016;60.75541687011719
10/08/2016;60.60475540161133
11/08/2016;61.09031295776367
12/08/2016;61.05682373046875
15/08/2016;61.22425842285156
16/08/2016;61.048439025878906
17/08/2016;61.10704040527344
18/08/2016;61.274505615234375
19/08/2016;61.05682373046875
22/08/2016;60.94799041748047
23/08/2016;61.25775146484375
24/08/2016;60.989845275878906
25/08/2016;60.705204010009766
26/08/2016;60.579620361328125
29/08/2016;60.89775085449219
30/08/2016;60.76381301879883
31/08/2016;60.65494918823242
01/09/2016;60.814029693603516
02/09/2016;61.174041748046875
03/09/2016;67.3
05/09/2016;69.6
06/09/2016;61.60099792480469
07/09/2016;61.55075454711914
08/09/2016;61.43355178833008
09/09/2016;59.9433479309082
11/09/2016;71.69
12/09/2016;60.65494918823242
13/09/2016;59.52475357055664
14/09/2016;59.50801467895508
15/09/2016;59.87635803222656
16/09/2016;59.69218826293945
19/09/2016;59.77589797973633
20/09/2016;59.60846710205078
21/09/2016;60.69682312011719
22/09/2016;61.07355880737305
23/09/2016;60.68007278442383
26/09/2016;60.1191520690918
27/09/2016;60.462398529052734
28/09/2016;60.855892181396484
29/09/2016;60.3200798034668
30/09/2016;60.83076858520508
02/10/2016;61.88
03/10/2016;60.54613494873047
04/10/2016;60.49589538574219
05/10/2016;60.747047424316406
06/10/2016;60.470794677734375
07/10/2016;60.269840240478516
08/10/2016;72.39
10/10/2016;60.629844665527344
11/10/2016;59.81776428222656
12/10/2016;59.77589797973633
13/10/2016;59.60846710205078
14/10/2016;59.549869537353516
17/10/2016;59.449398040771484
18/10/2016;59.968467712402344
19/10/2016;60.1191520690918
20/10/2016;60.09403610229492
21/10/2016;59.98520278930664
24/10/2016;60.13589859008789
25/10/2016;60.08565902709961
26/10/2016;59.85124588012695
27/10/2016;59.73406982421875
28/10/2016;59.71730422973633
31/10/2016;59.54149627685547
01/11/2016;59.29032516479492
02/11/2016;58.871742248535156
03/11/2016;58.587093353271484
04/11/2016;59.11034393310547
05/11/2016;69.71
07/11/2016;59.63359451293945
08/11/2016;59.71730422973633
09/11/2016;60.01869201660156
10/11/2016;60.02706527709961
11/11/2016;59.80103302001953
14/11/2016;59.725677490234375
15/11/2016;59.99357986450195
16/11/2016;59.7591552734375
17/11/2016;60.17776107788086
18/11/2016;59.89312744140625
21/11/2016;60.3619384765625
22/11/2016;60.37031936645508
23/11/2016;60.34519958496094
25/11/2016;60.54613494873047
28/11/2016;60.403812408447266
29/11/2016;60.470787048339844
30/11/2016;60.53776168823242
01/12/2016;60.49171257019043
02/12/2016;60.44566345214844
04/12/2016;69.42
05/12/2016;60.671722412109375
06/12/2016;60.98146057128906
07/12/2016;61.85215377807617
08/12/2016;61.97774124145508
09/12/2016;62.12005615234375
10/12/2016;71.4
12/12/2016;62.086570739746094
13/12/2016;62.614013671875
14/12/2016;61.97774124145508
15/12/2016;62.12845230102539
16/12/2016;61.894020080566406
19/12/2016;62.078208923339844
20/12/2016;62.329368591308594
21/12/2016;62.18391418457031
22/12/2016;61.98944091796875
23/12/2016;62.2261962890625
27/12/2016;62.18391418457031
28/12/2016;61.86260223388672
29/12/2016;61.997886657714844
30/12/2016;61.79495620727539
02/01/2017;75.24
03/01/2017;62.36994934082031
04/01/2017;62.90266036987305
05/01/2017;63.114070892333984
06/01/2017;63.24089050292969
08/01/2017;82.76
09/01/2017;62.928016662597656
10/01/2017;63.02104949951172
11/01/2017;63.063316345214844
12/01/2017;63.19016647338867
13/01/2017;63.36773681640625
17/01/2017;63.19016647338867
18/01/2017;63.02949523925781
19/01/2017;62.97030258178711
20/01/2017;63.114070892333984
23/01/2017;63.1309700012207
24/01/2017;63.50303649902344
25/01/2017;63.98500061035156
26/01/2017;63.9427375793457
27/01/2017;63.89198303222656
30/01/2017;63.4776496887207
31/01/2017;63.511497497558594
01/02/2017;63.621395111083984
02/02/2017;63.63832092285156
03/02/2017;63.91735076904297
05/02/2017;79.46
06/02/2017;63.77361297607422
07/02/2017;63.74824905395508
08/02/2017;63.858158111572266
09/02/2017;64.09494018554688
10/02/2017;64.25559997558594
11/02/2017;86.080002
13/02/2017;64.56845092773438
14/02/2017;64.79676818847656
15/02/2017;64.92359161376953
16/02/2017;65.08427429199219
17/02/2017;65.01661682128906
21/02/2017;65.27873992919922
22/02/2017;65.33792114257812
23/02/2017;65.27873992919922
24/02/2017;65.27873992919922
27/02/2017;65.32101440429688
28/02/2017;65.17728424072266
01/03/2017;65.87064361572266
02/03/2017;65.4478530883789
03/03/2017;65.66770935058594
04/03/2017;77.84
05/03/2017;79.39
06/03/2017;65.45630645751953
07/03/2017;65.24491882324219
08/03/2017;65.04198455810547
09/03/2017;65.11808013916016
10/03/2017;65.49014282226562
11/03/2017;86.050003
13/03/2017;65.76071166992188
14/03/2017;65.23648071289062
15/03/2017;65.9552001953125
16/03/2017;66.20887756347656
17/03/2017;66.05667877197266
20/03/2017;65.98057556152344
21/03/2017;65.27029418945312
22/03/2017;65.6338882446289
23/03/2017;65.43939971923828
24/03/2017;65.53240966796875
27/03/2017;65.4816665649414
28/03/2017;66.00592803955078
29/03/2017;65.94673919677734
30/03/2017;66.08202362060547
31/03/2017;65.84526062011719
01/04/2017;74.39
03/04/2017;65.81991577148438
04/04/2017;65.71843719482422
05/04/2017;65.6085205078125
06/04/2017;65.6423568725586
07/04/2017;65.66770935058594
08/04/2017;82.62
10/04/2017;65.68461608886719
11/04/2017;65.8030014038086
12/04/2017;65.6085205078125
13/04/2017;65.59160614013672
17/04/2017;65.57469177246094
18/04/2017;65.32948303222656
19/04/2017;65.27029418945312
20/04/2017;65.66770935058594
21/04/2017;65.60006713867188
24/04/2017;66.69930267333984
25/04/2017;67.11366271972656
26/04/2017;67.01216888427734
27/04/2017;66.9614486694336
28/04/2017;66.95298767089844
01/05/2017;67.15593719482422
02/05/2017;67.18974304199219
03/05/2017;67.13057708740234
04/05/2017;67.35041046142578
05/05/2017;67.71401977539062
06/05/2017;81.6
07/05/2017;80.43
08/05/2017;67.59564208984375
09/05/2017;67.56180572509766
10/05/2017;67.59564208984375
11/05/2017;67.45189666748047
12/05/2017;67.50262451171875
15/05/2017;67.94229888916016
16/05/2017;68.11143493652344
17/05/2017;67.02909088134766
18/05/2017;67.14747619628906
19/05/2017;67.72245788574219
22/05/2017;68.18751525878906
23/05/2017;68.06069946289062
24/05/2017;68.36510467529297
25/05/2017;68.3904800415039
26/05/2017;68.3904800415039
30/05/2017;68.491943359375
31/05/2017;68.34819793701172
01/06/2017;68.88091278076172
02/06/2017;69.2191390991211
03/06/2017;77.41
04/06/2017;77.63
05/06/2017;68.9992904663086
06/06/2017;68.85554504394531
07/06/2017;68.88937377929688
08/06/2017;68.92321014404297
09/06/2017;68.8048095703125
10/06/2017;84.73
11/06/2017;86.38
12/06/2017;68.67797088623047
13/06/2017;69.0584716796875
14/06/2017;68.88091278076172
15/06/2017;68.50884246826172
16/06/2017;68.8978271484375
19/06/2017;69.32905578613281
20/06/2017;68.72509002685547
21/06/2017;68.60551452636719
22/06/2017;68.60551452636719
23/06/2017;68.8276138305664
26/06/2017;68.89596557617188
27/06/2017;68.60551452636719
28/06/2017;69.10952758789062
29/06/2017;68.59696197509766
30/06/2017;68.62259674072266
02/07/2017;75.39
03/07/2017;68.6567611694336
04/07/2017;77.66
05/07/2017;68.70802307128906
06/07/2017;68.6353988647461
07/07/2017;68.56277465820312
08/07/2017;82.72
09/07/2017;82.56
10/07/2017;68.68238830566406
11/07/2017;68.71656799316406
12/07/2017;69.1607894897461
13/07/2017;69.40851593017578
14/07/2017;69.76728057861328
17/07/2017;69.6220932006836
18/07/2017;69.76728057861328
19/07/2017;70.10045623779297
20/07/2017;70.27985382080078
21/07/2017;69.98941802978516
24/07/2017;69.95523834228516
25/07/2017;70.22005462646484
26/07/2017;70.39089965820312
27/07/2017;70.1602554321289
28/07/2017;70.24569702148438
31/07/2017;70.28840637207031
01/08/2017;70.69845581054688
02/08/2017;70.527587890625
03/08/2017;70.4934310913086
04/08/2017;70.57884979248047
05/08/2017;79.94
06/08/2017;81.51
07/08/2017;70.66427612304688
08/08/2017;70.39944458007812
09/08/2017;70.35674285888672
10/08/2017;69.35726928710938
11/08/2017;69.2547607421875
12/08/2017;87.58
14/08/2017;69.94670104980469
15/08/2017;69.83563232421875
16/08/2017;70.0748291015625
17/08/2017;69.15223693847656
18/08/2017;69.17786407470703
21/08/2017;69.15223693847656
22/08/2017;69.79293060302734
23/08/2017;69.664794921875
24/08/2017;69.51103210449219
25/08/2017;69.69895935058594
28/08/2017;69.70750427246094
29/08/2017;69.7331314086914
30/08/2017;69.79293060302734
31/08/2017;70.34821319580078
01/09/2017;70.40798950195312
02/09/2017;75.8
03/09/2017;77.010002
05/09/2017;69.98941802978516
06/09/2017;70.23713684082031
07/09/2017;70.527587890625
08/09/2017;70.4592514038086
10/09/2017;84.61
11/09/2017;71.1426773071289
12/09/2017;71.27079010009766
13/09/2017;71.21954345703125
14/09/2017;71.30497741699219
15/09/2017;71.3647689819336
18/09/2017;71.42457580566406
19/09/2017;71.5441665649414
20/09/2017;71.67229461669922
21/09/2017;71.40748596191406
22/09/2017;71.62102508544922
25/09/2017;71.3562240600586
26/09/2017;71.29642486572266
27/09/2017;71.63812255859375
28/09/2017;71.55269622802734
29/09/2017;71.8345947265625
01/10/2017;74.53
02/10/2017;72.11651611328125
03/10/2017;72.2019271850586
04/10/2017;72.304443359375
05/10/2017;72.34289169311523
06/10/2017;72.38134002685547
07/10/2017;80.4
08/10/2017;81.19
09/10/2017;72.50520324707031
10/10/2017;72.62906646728516
11/10/2017;72.8682632446289
12/10/2017;72.82554626464844
13/10/2017;73.00495147705078
16/10/2017;73.03910064697266
17/10/2017;73.04767608642578
18/10/2017;73.09890747070312
19/10/2017;73.11601257324219
20/10/2017;73.26123046875
23/10/2017;73.20140075683594
24/10/2017;73.18434143066406
25/10/2017;72.79993438720703
26/10/2017;72.91951751708984
27/10/2017;73.18434143066406
30/10/2017;73.14163970947266
31/10/2017;73.36373138427734
01/11/2017;73.37228393554688
02/11/2017;73.53456115722656
03/11/2017;73.50896453857422
04/11/2017;77.82
05/11/2017;79.77
06/11/2017;73.79084777832031
07/11/2017;73.63707733154297
08/11/2017;73.87628173828125
09/11/2017;73.44916534423828
10/11/2017;73.43207550048828
12/11/2017;87.72
13/11/2017;73.28685760498047
14/11/2017;73.12454986572266
15/11/2017;72.8341064453125
16/11/2017;73.44916534423828
17/11/2017;73.2782974243164
20/11/2017;73.38936614990234
21/11/2017;73.85065460205078
22/11/2017;73.88481140136719
24/11/2017;74.21798706054688
27/11/2017;74.01297760009766
28/11/2017;74.57678985595703
29/11/2017;74.39738464355469
30/11/2017;74.79888153076172
01/12/2017;74.67074584960938
04/12/2017;74.4828109741211
05/12/2017;74.31196594238281
06/12/2017;74.29487609863281
07/12/2017;74.47425842285156
08/12/2017;74.81597137451172
09/12/2017;83.43
10/12/2017;85.25
11/12/2017;74.9355697631836
12/12/2017;75.18331146240234
13/12/2017;75.17476654052734
14/12/2017;74.99537658691406
15/12/2017;75.1320571899414
18/12/2017;75.8496322631836
19/12/2017;75.70736694335938
20/12/2017;75.60387420654297
21/12/2017;75.80220031738281
22/12/2017;75.96602630615234
26/12/2017;75.87980651855469
27/12/2017;75.98326873779297
28/12/2017;76.1212387084961
29/12/2017;75.97465515136719
02/01/2018;76.5523681640625
03/01/2018;77.00938415527344
04/01/2018;77.35429382324219
05/01/2018;77.96650695800781
06/01/2018;89.32
08/01/2018;77.77677917480469
09/01/2018;77.95785522460938
10/01/2018;77.77677917480469
11/01/2018;78.32003021240234
12/01/2018;79.027099609375
16/01/2018;78.8891372680664
17/01/2018;79.36338806152344
18/01/2018;79.216796875
19/01/2018;79.57894897460938
22/01/2018;80.13079071044922
23/01/2018;80.38948822021484
24/01/2018;80.54469299316406
25/01/2018;80.4325942993164
26/01/2018;80.5145034790039
29/01/2018;80.5964126586914
30/01/2018;79.77725219726562
31/01/2018;79.91523742675781
01/02/2018;79.9065933227539
02/02/2018;78.22516632080078
03/02/2018;87.75
04/02/2018;85.29
05/02/2018;74.93130493164062
06/02/2018;76.32817840576172
07/02/2018;75.79357147216797
08/02/2018;73.31887817382812
09/02/2018;74.28459930419922
10/02/2018;91.73
11/02/2018;85.78
12/02/2018;75.12962341308594
13/02/2018;75.25897216796875
14/02/2018;76.46614837646484
15/02/2018;77.16458129882812
16/02/2018;77.3370361328125
20/02/2018;76.74208068847656
21/02/2018;76.267822265625
22/02/2018;76.47476959228516
23/02/2018;77.5526123046875
26/02/2018;78.28555297851562
27/02/2018;77.1473388671875
28/02/2018;76.431640625
01/03/2018;75.42281341552734
02/03/2018;75.66423034667969
04/03/2018;86.12
05/03/2018;76.44889831542969
06/03/2018;76.65585327148438
07/03/2018;76.68171691894531
08/03/2018;76.95765686035156
09/03/2018;77.84579467773438
10/03/2018;91.89
12/03/2018;77.92338562011719
13/03/2018;77.38015747070312
14/03/2018;77.25944519042969
15/03/2018;77.18183135986328
16/03/2018;77.19046020507812
19/03/2018;76.33680725097656
20/03/2018;76.3885498046875
21/03/2018;76.3885498046875
22/03/2018;74.68988037109375
23/03/2018;73.49994659423828
26/03/2018;75.15550994873047
27/03/2018;74.01730346679688
28/03/2018;74.12077331542969
29/03/2018;75.12962341308594
01/04/2018;89.71
02/04/2018;73.54306030273438
03/04/2018;74.25874328613281
04/04/2018;74.81920623779297
05/04/2018;75.42281341552734
06/04/2018;74.29322052001953
09/04/2018;74.7157211303711
10/04/2018;75.79357147216797
11/04/2018;75.42281341552734
12/04/2018;75.90567016601562
13/04/2018;75.70736694335938
16/04/2018;76.1988525390625
17/04/2018;76.9059066772461
18/04/2018;77.078369140625
19/04/2018;76.63860321044922
20/04/2018;76.11261749267578
23/04/2018;76.06087493896484
24/04/2018;75.37104797363281
25/04/2018;75.31932067871094
26/04/2018;76.06087493896484
27/04/2018;76.05226135253906
30/04/2018;75.69012451171875
01/05/2018;75.70736694335938
02/05/2018;75.30209350585938
03/05/2018;75.40554809570312
04/05/2018;75.94879150390625
06/05/2018;89.63
07/05/2018;76.20745086669922
08/05/2018;76.13849639892578
09/05/2018;76.68171691894531
10/05/2018;77.31116485595703
11/05/2018;77.48363494873047
14/05/2018;77.67330932617188
15/05/2018;77.078369140625
16/05/2018;77.31980895996094
17/05/2018;77.39739990234375
18/05/2018;77.1473388671875
21/05/2018;77.60433959960938
22/05/2018;77.51811218261719
23/05/2018;77.22494506835938
24/05/2018;77.078369140625
25/05/2018;76.85418701171875
29/05/2018;75.76771545410156
30/05/2018;76.73344421386719
31/05/2018;76.19022369384766
01/06/2018;77.01800537109375
02/06/2018;88.52
03/06/2018;88.9
04/06/2018;77.2939224243164
05/06/2018;77.2853012084961
06/06/2018;77.99237060546875
07/06/2018;77.74230194091797
08/06/2018;78.02686309814453
09/06/2018;90.13
11/06/2018;78.23380279541016
12/06/2018;78.1993179321289
13/06/2018;77.99237060546875
14/06/2018;78.06134033203125
15/06/2018;77.92338562011719
18/06/2018;77.5698471069336
19/06/2018;77.19730377197266
20/06/2018;77.302001953125
21/06/2018;76.84832000732422
22/06/2018;77.21472930908203
25/06/2018;76.20266723632812
26/06/2018;76.30736541748047
27/06/2018;75.64427185058594
28/06/2018;76.0543441772461
29/06/2018;76.30736541748047
02/07/2018;76.15904998779297
03/07/2018;75.86241912841797
05/07/2018;76.6563491821289
06/07/2018;77.25837707519531
08/07/2018;90.74
09/07/2018;77.79059600830078
10/07/2018;78.08724212646484
11/07/2018;77.11878967285156
12/07/2018;77.82550048828125
13/07/2018;77.99127197265625
16/07/2018;77.8167724609375
17/07/2018;78.0610580444336
18/07/2018;78.27918243408203
19/07/2018;77.9127197265625
20/07/2018;78.13958740234375
23/07/2018;78.14830780029297
24/07/2018;78.4972915649414
25/07/2018;79.10803985595703
26/07/2018;78.97715759277344
27/07/2018;78.58455657958984
30/07/2018;78.34899139404297
31/07/2018;78.60198974609375
01/08/2018;78.37516784667969
02/08/2018;78.54965209960938
03/08/2018;78.76779174804688
05/08/2018;88.3
06/08/2018;78.84629821777344
07/08/2018;79.16910552978516
08/08/2018;79.21275329589844
09/08/2018;78.92481231689453
10/08/2018;78.03490447998047
11/08/2018;87.58
13/08/2018;77.78186798095703
14/08/2018;78.0610580444336
15/08/2018;77.3543472290039
16/08/2018;77.89529418945312
17/08/2018;78.17449188232422
20/08/2018;78.50603485107422
21/08/2018;78.87246704101562
22/08/2018;78.97715759277344
23/08/2018;78.75904846191406
24/08/2018;79.1429443359375
27/08/2018;79.89327239990234
28/08/2018;79.83221435546875
29/08/2018;80.26842498779297
30/08/2018;79.88455200195312
31/08/2018;79.50065612792969
01/09/2018;90.41
02/09/2018;86.15
03/09/2018;90.28
04/09/2018;79.18656921386719
05/09/2018;78.7939453125
06/09/2018;78.63690948486328
07/09/2018;78.24429321289062
08/09/2018;90.46
10/09/2018;78.45367431640625
11/09/2018;78.74159240722656
12/09/2018;78.92481231689453
13/09/2018;79.43958282470703
14/09/2018;79.49195098876953
17/09/2018;79.21275329589844
18/09/2018;79.65771484375
19/09/2018;79.96308135986328
20/09/2018;80.71340942382812
21/09/2018;80.70468139648438
24/09/2018;80.38185119628906
25/09/2018;80.30335998535156
26/09/2018;80.33826446533203
27/09/2018;80.30335998535156
28/09/2018;80.09395599365234
01/10/2018;80.38185119628906
02/10/2018;80.03289031982422
03/10/2018;80.17247009277344
04/10/2018;79.28254699707031
05/10/2018;78.96842956542969
07/10/2018;89.5
08/10/2018;78.62818145751953
09/10/2018;78.48857116699219
10/10/2018;76.46440887451172
11/10/2018;74.92884063720703
12/10/2018;75.76641845703125
15/10/2018;75.32146453857422
16/10/2018;76.8395767211914
17/10/2018;76.64764404296875
18/10/2018;75.55703735351562
19/10/2018;75.6617202758789
22/10/2018;75.47850036621094
23/10/2018;74.85033416748047
24/10/2018;72.66041564941406
25/10/2018;73.82951354980469
26/10/2018;72.80870056152344
29/10/2018;72.46844482421875
30/10/2018;73.50669860839844
31/10/2018;74.37918853759766
01/11/2018;75.0946273803711
02/11/2018;74.84159851074219
04/11/2018;87.47
05/11/2018;75.18187713623047
06/11/2018;75.53085327148438
07/11/2018;76.90066528320312
08/11/2018;76.41207122802734
09/11/2018;75.97582244873047
10/11/2018;85.88
12/11/2018;74.42280578613281
13/11/2018;74.61475372314453
14/11/2018;74.1697998046875
15/11/2018;74.7369155883789
16/11/2018;74.91139221191406
19/11/2018;73.95166015625
20/11/2018;72.62548828125
21/11/2018;73.24493408203125
23/11/2018;72.66041564941406
26/11/2018;73.55033111572266
27/11/2018;73.67247772216797
28/11/2018;75.29529571533203
29/11/2018;75.06844329833984
30/11/2018;75.21676635742188
01/12/2018;91.65
02/12/2018;87.13
03/12/2018;76.21139526367188
04/12/2018;73.89057922363281
06/12/2018;73.6550064086914
07/12/2018;72.33758544921875
09/12/2018;90.46
10/12/2018;72.18925476074219
11/12/2018;72.1107177734375
12/12/2018;72.88724517822266
13/12/2018;72.73890686035156
14/12/2018;71.49126434326172
17/12/2018;70.3744888305664
18/12/2018;70.40177154541016
19/12/2018;69.60963439941406
20/12/2018;68.59749603271484
21/12/2018;67.34770202636719
24/12/2018;66.04511260986328
26/12/2018;67.02795664469402
27/12/2018;68.01080067952473
28/12/2018;68.99364471435547
31/12/2018;69.46928405761719
02/01/2019;69.47806549072266
03/01/2019;68.31541442871094
04/01/2019;70.39411926269531
05/01/2019;91.31
07/01/2019;70.72003173828125
08/01/2019;71.4158706665039
09/01/2019;71.61845143636067
10/01/2019;71.82103220621745
11/01/2019;72.02361297607422
14/01/2019;71.7593765258789
15/01/2019;72.41116333007812
16/01/2019;72.48163604736328
17/01/2019;73.00129699707031
18/01/2019;73.80287170410156
22/01/2019;72.78990173339844
23/01/2019;72.95728302001953
24/01/2019;73.09821319580078
25/01/2019;73.84687805175781
28/01/2019;73.30078125
29/01/2019;73.4240951538086
30/01/2019;74.33133697509766
31/01/2019;74.83338165283203
01/02/2019;74.80696105957031
04/02/2019;75.25617980957031
05/02/2019;75.670166015625
06/02/2019;75.46756744384766
07/02/2019;74.69245147705078
08/02/2019;74.62201690673828
10/02/2019;89.019997
11/02/2019;74.61318969726562
12/02/2019;75.5644760131836
13/02/2019;75.7406234741211
14/02/2019;75.63493347167969
15/02/2019;76.577392578125
19/02/2019;76.76236724853516
20/02/2019;76.9825668334961
21/02/2019;76.75357055664062
22/02/2019;77.18513488769531
25/02/2019;77.35248565673828
26/02/2019;77.44058227539062
27/02/2019;77.2468032836914
28/02/2019;77.06183624267578
01/03/2019;77.57269287109375
04/03/2019;77.23798370361328
05/03/2019;77.23798370361328
06/03/2019;76.83283233642578
07/03/2019;76.07533264160156
08/03/2019;75.96082305908203
09/03/2019;89.29
10/03/2019;89.9
11/03/2019;76.95614624023438
12/03/2019;77.10587310791016
13/03/2019;77.7224349975586
14/03/2019;77.5815200805664
15/03/2019;78.17166137695312
18/03/2019;78.47993469238281
19/03/2019;78.50636291503906
20/03/2019;78.34781646728516
21/03/2019;78.9027328491211
22/03/2019;77.3613052368164
25/03/2019;77.37010955810547
26/03/2019;77.88978576660156
27/03/2019;77.61674499511719
28/03/2019;77.78408813476562
29/03/2019;78.20687866210938
01/04/2019;79.1141128540039
02/04/2019;79.14053344726562
03/04/2019;79.44881439208984
04/04/2019;79.51929473876953
05/04/2019;79.81876373291016
06/04/2019;88.27
08/04/2019;79.90684509277344
09/04/2019;79.44881439208984
10/04/2019;79.73067474365234
11/04/2019;79.69544982910156
12/04/2019;80.21512603759766
15/04/2019;80.19750213623047
16/04/2019;80.25916290283203
17/04/2019;80.21512603759766
18/04/2019;80.33843994140625
22/04/2019;80.34723663330078
23/04/2019;80.4177017211914
24/04/2019;80.48816680908203
25/04/2019;80.42650604248047
26/04/2019;80.79647064208984
29/04/2019;80.95500183105469
30/04/2019;81.11353302001953
01/05/2019;80.42650604248047
02/05/2019;80.29440307617188
03/05/2019;81.14877319335938
04/05/2019;90.62
06/05/2019;80.62911987304688
07/05/2019;79.26385498046875
08/05/2019;79.23741912841797
09/05/2019;78.88509368896484
10/05/2019;79.22862243652344
11/05/2019;95.45
12/05/2019;96.38
13/05/2019;77.44940185546875
14/05/2019;78.13642120361328
15/05/2019;78.612060546875
16/05/2019;79.23741912841797
17/05/2019;78.83226013183594
20/05/2019;78.27735900878906
21/05/2019;78.91152954101562
22/05/2019;78.68252563476562
23/05/2019;77.76649475097656
24/05/2019;78.18927001953125
28/05/2019;77.51985168457031
29/05/2019;76.93852233886719
30/05/2019;77.18513488769531
31/05/2019;76.4188461303711
02/06/2019;85.68
03/06/2019;76.22506713867188
04/06/2019;77.74885559082031
05/06/2019;78.14521789550781
06/06/2019;78.47993469238281
07/06/2019;79.4664535522461
08/06/2019;88.58
09/06/2019;91.52
10/06/2019;79.87161254882812
11/06/2019;79.75711822509766
12/06/2019;79.58975219726562
13/06/2019;79.72187042236328
14/06/2019;79.49286651611328
17/06/2019;79.4607162475586
18/06/2019;80.37139129638672
19/06/2019;80.72853088378906
20/06/2019;81.4874267578125
21/06/2019;81.24635314941406
24/06/2019;81.27314758300781
25/06/2019;80.6035385131836
26/06/2019;80.6035385131836
27/06/2019;80.82672882080078
28/06/2019;81.26421356201172
01/07/2019;81.8266830444336
02/07/2019;82.08560943603516
03/07/2019;82.65701293945312
05/07/2019;82.45166015625
06/07/2019;90.22
08/07/2019;82.04989624023438
09/07/2019;81.96062469482422
10/07/2019;82.36237335205078
11/07/2019;82.54987335205078
12/07/2019;82.79093933105469
15/07/2019;82.74629211425781
16/07/2019;82.49628448486328
17/07/2019;82.20166015625
18/07/2019;82.35343933105469
19/07/2019;82.02310943603516
22/07/2019;82.26415252685547
23/07/2019;82.79093933105469
24/07/2019;83.07662963867188
25/07/2019;82.45166015625
26/07/2019;83.07662963867188
29/07/2019;82.9873275756836
30/07/2019;82.45166015625
31/07/2019;82.01417541503906
01/08/2019;81.1034927368164
02/08/2019;80.46067810058594
03/08/2019;86.24
04/08/2019;90.72
05/08/2019;78.39826965332031
06/08/2019;79.08573913574219
07/08/2019;79.52322387695312
08/08/2019;80.63924407958984
09/08/2019;80.2017593383789
10/08/2019;89.44
11/08/2019;95.76
12/08/2019;79.18394470214844
13/08/2019;80.273193359375
14/08/2019;78.03221130371094
15/08/2019;78.21076965332031
16/08/2019;79.0143051147461
19/08/2019;79.81786346435547
20/08/2019;79.38036346435547
21/08/2019;80.09461975097656
22/08/2019;79.85356903076172
23/08/2019;78.13935852050781
26/08/2019;78.96073913574219
27/08/2019;78.78217315673828
28/08/2019;79.08573913574219
29/08/2019;80.01427459716797
30/08/2019;80.21068572998047
01/09/2019;81.64
03/09/2019;79.71963500976562
04/09/2019;80.66603088378906
05/09/2019;81.57669067382812
06/09/2019;81.71060943603516
07/09/2019;91.8
08/09/2019;89.83
09/09/2019;81.7374038696289
10/09/2019;81.9427490234375
11/09/2019;82.2105941772461
12/09/2019;82.64808654785156
13/09/2019;82.6302261352539
16/09/2019;82.39807891845703
17/09/2019;82.67486572265625
18/09/2019;82.72843933105469
19/09/2019;82.82664489746094
20/09/2019;82.47844696044922
23/09/2019;82.33558654785156
24/09/2019;81.84454345703125
25/09/2019;82.07666778564453
26/09/2019;82.12130737304688
27/09/2019;81.7641830444336
30/09/2019;81.9427490234375
01/10/2019;81.08563995361328
02/10/2019;80.67494201660156
03/10/2019;80.26424407958984
04/10/2019;81.0588607788086
05/10/2019;89.95
06/10/2019;90.68
07/10/2019;81.01421356201172
08/10/2019;80.6749496459961
09/10/2019;80.33568572998047
10/10/2019;81.04098510742188
11/10/2019;82.09452819824219
12/10/2019;96.71
14/10/2019;81.9516830444336
15/10/2019;82.77307891845703
16/10/2019;82.5945053100586
17/10/2019;83.0855484008789
18/10/2019;82.7195053100586
21/10/2019;83.21055603027344
22/10/2019;82.84449768066406
23/10/2019;83.24627685546875
24/10/2019;83.469482421875
25/10/2019;83.67481994628906
28/10/2019;84.01407623291016
29/10/2019;84.11231231689453
30/10/2019;84.4247817993164
31/10/2019;84.0319595336914
01/11/2019;84.91582489013672
02/11/2019;84.71
03/11/2019;87.37
04/11/2019;85.19261169433594
05/11/2019;85.2193832397461
06/11/2019;85.24616241455078
07/11/2019;85.40689849853516
08/11/2019;85.49616241455078
09/11/2019;92.080002
10/11/2019;91.95
11/11/2019;85.44258880615234
12/11/2019;85.57649993896484
13/11/2019;85.53189086914062
14/11/2019;85.41580963134766
15/11/2019;86.13900756835938
18/11/2019;86.05863952636719
19/11/2019;86.13007354736328
20/11/2019;85.71937561035156
21/11/2019;85.50508880615234
22/11/2019;85.68365478515625
25/11/2019;86.36221313476562
26/11/2019;86.4336166381836
27/11/2019;86.91574096679688
29/11/2019;86.38898468017578
02/12/2019;85.84436798095703
03/12/2019;85.36222839355469
04/12/2019;85.94257354736328
05/12/2019;86.0497055053711
06/12/2019;86.69254302978516
07/12/2019;92.73
08/12/2019;88.69
09/12/2019;86.38005828857422
10/12/2019;86.3443374633789
11/12/2019;86.73719024658203
12/12/2019;87.27286529541016
13/12/2019;87.66571044921875
16/12/2019;88.37315368652344
17/12/2019;88.11180114746094
18/12/2019;88.05773162841797
19/12/2019;88.35513305664062
20/12/2019;88.77872467041016
23/12/2019;88.7516860961914
24/12/2019;88.79672241210938
26/12/2019;89.13018035888672
27/12/2019;89.28337860107422
30/12/2019;88.61648559570312
31/12/2019;89.02202606201172
02/01/2020;89.69793701171875
03/01/2020;88.94093322753906
04/01/2020;74.4
05/01/2020;84.13
06/01/2020;89.44561004638672
07/01/2020;89.21129608154297
08/01/2020;89.463623046875
09/01/2020;89.9773178100586
10/01/2020;89.61682891845703
12/01/2020;110.12
13/01/2020;90.19361877441406
14/01/2020;90.01336669921875
15/01/2020;90.13953399658203
16/01/2020;90.86051177978516
17/01/2020;91.16693878173828
21/01/2020;90.68930053710938
22/01/2020;90.85149383544922
23/01/2020;90.77940368652344
24/01/2020;90.17558288574219
27/01/2020;88.63451385498047
28/01/2020;89.45463562011719
29/01/2020;89.48165130615234
30/01/2020;89.61682891845703
31/01/2020;88.07576751708984
01/02/2020;99.53
03/02/2020;88.55342102050781
04/02/2020;90.13053894042969
05/02/2020;90.96866607666016
06/02/2020;91.2930908203125
07/02/2020;90.68930053710938
09/02/2020;105.040001
10/02/2020;91.1489028930664
11/02/2020;91.57247924804688
12/02/2020;92.03209686279297
13/02/2020;91.73469543457031
14/02/2020;91.85184478759766
18/02/2020;91.59049224853516
19/02/2020;91.95097351074219
20/02/2020;91.56346130371094
21/02/2020;90.92359924316406
24/02/2020;87.76935577392578
25/02/2020;85.41716766357422
26/02/2020;85.16482543945312
27/02/2020;81.98355102539062
28/02/2020;80.81195831298828
01/03/2020;98.69
02/03/2020;84.02029418945312
03/03/2020;82.12773895263672
04/03/2020;85.25495910644531
05/03/2020;82.66847229003906
06/03/2020;81.37973022460938
08/03/2020;97.69
09/03/2020;74.63863372802734
10/03/2020;78.00017547607422
11/03/2020;74.11593627929688
12/03/2020;66.38353729248047
13/03/2020;71.76375579833984
16/03/2020;63.59877014160156
17/03/2020;67.20362091064453
18/03/2020;63.46357727050781
19/03/2020;63.94122314453125
20/03/2020;61.85039138793945
23/03/2020;60.73289108276367
24/03/2020;66.25733184814453
25/03/2020;67.44694519042969
26/03/2020;71.21401977539062
27/03/2020;69.05111694335938
30/03/2020;70.86254119873047
31/03/2020;70.23170471191406
01/04/2020;67.0504150390625
02/04/2020;68.42927551269531
03/04/2020;67.38385772705078
05/04/2020;84.3
06/04/2020;71.63758087158203
07/04/2020;71.76375579833984
08/04/2020;73.47607421875
09/04/2020;74.81888580322266
11/04/2020;101.63
12/04/2020;111.42
13/04/2020;74.18803405761719
14/04/2020;76.05355072021484
15/04/2020;74.33222198486328
16/04/2020;74.53048706054688
17/04/2020;76.48612976074219
20/04/2020;75.39566040039062
21/04/2020;73.32286071777344
22/04/2020;74.77381134033203
23/04/2020;74.73778533935547
24/04/2020;75.56689453125
27/04/2020;76.70242309570312
28/04/2020;76.74748992919922
29/04/2020;78.77522277832031
30/04/2020;77.82893371582031
01/05/2020;75.8192367553711
02/05/2020;100.94
03/05/2020;91.73
04/05/2020;75.97244262695312
05/05/2020;76.3869857788086
06/05/2020;75.88230895996094
07/05/2020;76.88265991210938
08/05/2020;78.41474151611328
10/05/2020;101.18
11/05/2020;78.45978546142578
12/05/2020;76.99080657958984
13/05/2020;75.79219818115234
14/05/2020;76.1527099609375
15/05/2020;76.48612976074219
18/05/2020;78.95545196533203
19/05/2020;78.10830688476562
20/05/2020;79.541259765625
21/05/2020;78.8022689819336
22/05/2020;78.8202896118164
26/05/2020;80.28925323486328
27/05/2020;81.45182800292969
28/05/2020;81.60504150390625
29/05/2020;81.7402114868164
01/06/2020;82.60539245605469
02/06/2020;83.3443832397461
03/06/2020;84.6691665649414
04/06/2020;84.34471893310547
05/06/2020;86.27333068847656
07/06/2020;94.8
08/06/2020;87.32775115966797
09/06/2020;86.51665496826172
10/06/2020;86.20121765136719
11/06/2020;81.3076400756836
12/06/2020;82.48822021484375
15/06/2020;83.15186309814453
16/06/2020;84.53562927246094
17/06/2020;84.45366668701172
18/06/2020;84.38994598388672
19/06/2020;83.96208953857422
22/06/2020;84.6539535522461
23/06/2020;85.0271987915039
24/06/2020;82.83324432373047
25/06/2020;83.88016510009766
26/06/2020;82.07765197753906
29/06/2020;83.06993865966797
30/06/2020;83.88016510009766
01/07/2020;84.3535385131836
02/07/2020;84.99078369140625
04/07/2020;79.63
05/07/2020;85.31
06/07/2020;86.30171966552734
07/07/2020;85.40045166015625
08/07/2020;86.12873840332031
09/07/2020;85.5551986694336
10/07/2020;86.4200439453125
12/07/2020;111.010002
13/07/2020;85.64624786376953
14/07/2020;86.82971954345703
15/07/2020;87.74005126953125
16/07/2020;87.3395004272461
17/07/2020;87.62171936035156
20/07/2020;88.30448150634766
21/07/2020;88.47745513916016
22/07/2020;88.90532684326172
23/07/2020;87.90394592285156
24/07/2020;87.35770416259766
27/07/2020;88.19522857666016
28/07/2020;87.62171936035156
29/07/2020;88.64131164550781
30/07/2020;88.1133041381836
31/07/2020;87.98585510253906
01/08/2020;99.27
03/08/2020;88.9326400756836
04/08/2020;89.35137939453125
05/08/2020;89.8976058959961
06/08/2020;90.27086639404297
07/08/2020;89.98863220214844
09/08/2020;98.8
10/08/2020;90.25264739990234
11/08/2020;89.87940216064453
12/08/2020;91.3450698852539
13/08/2020;91.25404357910156
14/08/2020;91.00823211669922
17/08/2020;91.61819458007812
18/08/2020;91.73652648925781
19/08/2020;91.31776428222656
20/08/2020;91.50891876220703
21/08/2020;91.5726547241211
24/08/2020;92.48300170898438
25/08/2020;92.77433776855469
26/08/2020;93.62095642089844
27/08/2020;93.50260925292969
28/08/2020;94.05795288085938
31/08/2020;93.73018646240234
01/09/2020;94.53131103515625
02/09/2020;95.62374877929688
03/09/2020;92.71060180664062
04/09/2020;92.08246612548828
06/09/2020;96.0
07/09/2020;93.98
08/09/2020;89.94313049316406
09/09/2020;91.59086608886719
10/09/2020;90.24353790283203
11/09/2020;90.480224609375
12/09/2020;110.68
14/09/2020;91.6819076538086
15/09/2020;92.22811126708984
16/09/2020;91.9277114868164
17/09/2020;91.37239074707031
18/09/2020;90.5895004272461
21/09/2020;89.0782699584961
22/09/2020;89.67913818359375
23/09/2020;87.89482879638672
24/09/2020;88.09510040283203
25/09/2020;89.17842864990234
28/09/2020;90.61679077148438
29/09/2020;90.31636810302734
30/09/2020;90.59857940673828
01/10/2020;91.15390014648438
02/10/2020;90.48934936523438
03/10/2020;86.55
05/10/2020;92.10977935791016
06/10/2020;91.00823211669922
07/10/2020;92.27365112304688
08/10/2020;92.9564208984375
09/10/2020;93.67557525634766
11/10/2020;105.73
12/10/2020;94.85904693603516
13/10/2020;94.28553009033203
14/10/2020;93.70291137695312
15/10/2020;93.31143951416016
16/10/2020;93.42069244384766
19/10/2020;92.30094909667969
20/10/2020;92.7197036743164
21/10/2020;92.34647369384766
22/10/2020;92.7197036743164
23/10/2020;93.16577911376953
26/10/2020;91.45430755615234
27/10/2020;90.99913787841797
28/10/2020;88.02227020263672
29/10/2020;88.77786254882812
30/10/2020;87.8766098022461
02/11/2020;88.90532684326172
03/11/2020;90.8079605102539
04/11/2020;92.51943969726562
05/11/2020;94.47669219970703
06/11/2020;94.60414123535156
08/11/2020;98.73
09/11/2020;96.03340148925781
10/11/2020;96.25189208984375
11/11/2020;96.92555236816406
12/11/2020;95.9241714477539
13/11/2020;97.1167221069336
16/11/2020;98.25466918945312
17/11/2020;97.99068450927734
18/11/2020;97.15313720703125
19/11/2020;97.74488067626953
20/11/2020;97.46267700195312
23/11/2020;97.82679748535156
24/11/2020;99.37439727783203
25/11/2020;99.29248809814453
27/11/2020;99.73855590820312
30/11/2020;99.17413330078125
01/12/2020;100.24835205078125
02/12/2020;100.34849548339844
03/12/2020;100.430419921875
04/12/2020;101.43180084228516
05/12/2020;85.43
06/12/2020;91.53
07/12/2020;101.05856323242188
08/12/2020;101.38629913330078
09/12/2020;100.75814819335938
10/12/2020;100.84917449951172
11/12/2020;100.56697082519531
14/12/2020;100.56147003173828
15/12/2020;101.65264129638672
16/12/2020;101.89105224609375
17/12/2020;102.67962646484375
18/12/2020;102.36785888671875
21/12/2020;101.67098236083984
22/12/2020;101.59762573242188
23/12/2020;101.90020751953125
24/12/2020;102.1844711303711
28/12/2020;102.78965759277344
29/12/2020;102.82633209228516
30/12/2020;102.96388244628906
31/12/2020;103.07390594482422
02/01/2021;113.17
03/01/2021;116.88
04/01/2021;102.35868835449219
05/01/2021;103.14727020263672
06/01/2021;103.77078247070312
07/01/2021;104.96282958984375
08/01/2021;105.73303985595703
09/01/2021;132.45
10/01/2021;127.49
11/01/2021;104.76109313964844
12/01/2021;105.05450439453125
13/01/2021;105.21957397460938
14/01/2021;105.13704681396484
15/01/2021;104.11921691894531
19/01/2021;104.96282958984375
20/01/2021;106.20069122314453
21/01/2021;106.18235778808594
22/01/2021;105.76972198486328
25/01/2021;106.0173110961914
26/01/2021;105.87060546875
27/01/2021;103.33065795898438
28/01/2021;104.04586791992188
29/01/2021;102.23030853271484
01/02/2021;103.77078247070312
02/02/2021;105.08201599121094
03/02/2021;105.21957397460938
04/02/2021;106.1364974975586
05/02/2021;106.54913330078125
06/02/2021;125.95
07/02/2021;127.84
08/02/2021;107.383544921875
09/02/2021;107.67698669433594
10/02/2021;107.56692504882812
11/02/2021;107.9337158203125
12/02/2021;108.45636749267578
16/02/2021;108.71311950683594
17/02/2021;108.52973175048828
18/02/2021;107.96123504638672
19/02/2021;107.96123504638672
22/02/2021;107.25517272949219
23/02/2021;107.24600982666016
24/02/2021;108.09877014160156
25/02/2021;105.7972412109375
26/02/2021;104.77941131591797
01/03/2021;107.17264556884766
02/03/2021;106.7600326538086
03/03/2021;105.28374481201172
04/03/2021;104.01835632324219
05/03/2021;105.49464416503906
06/03/2021;125.43
08/03/2021;104.97198486328125
09/03/2021;106.60415649414062
10/03/2021;107.2093276977539
11/03/2021;108.20880126953125
12/03/2021;108.30050659179688
15/03/2021;108.7773208618164
16/03/2021;108.92401885986328
17/03/2021;109.30915069580078
18/03/2021;107.78700256347656
19/03/2021;107.82367706298828
22/03/2021;108.29132843017578
23/03/2021;107.2826919555664
24/03/2021;106.69584655761719
25/03/2021;107.31018829345703
26/03/2021;108.6581039428711
29/03/2021;108.51139831542969
30/03/2021;108.27299499511719
31/03/2021;108.6489486694336
01/04/2021;109.8318099975586
02/04/2021;115.75
03/04/2021;113.44
05/04/2021;111.33558654785156
06/04/2021;111.06051635742188
07/04/2021;111.12468719482422
08/04/2021;111.89493560791016
09/04/2021;112.38091278076172
10/04/2021;126.010002
11/04/2021;135.92
12/04/2021;112.30755615234375
13/04/2021;112.8852310180664
14/04/2021;112.5001220703125
15/04/2021;113.7104721069336
16/04/2021;114.10477447509766
19/04/2021;113.63713836669922
20/04/2021;112.51844024658203
21/04/2021;113.49040222167969
22/04/2021;112.71101379394531
23/04/2021;113.90303039550781
26/04/2021;114.12310028076172
27/04/2021;114.04058837890625
28/04/2021;114.11393737792969
29/04/2021;114.48070526123047
30/04/2021;113.34371185302734
01/05/2021;112.49
02/05/2021;116.2
03/05/2021;113.93972778320312
04/05/2021;112.8393783569336
05/05/2021;113.28868865966797
06/05/2021;114.16896057128906
07/05/2021;115.28763580322266
08/05/2021;130.25999
10/05/2021;114.26065063476562
11/05/2021;113.06861877441406
12/05/2021;110.80374908447266
13/05/2021;112.04163360595703
14/05/2021;113.83883666992188
17/05/2021;113.43538665771484
18/05/2021;113.08695983886719
19/05/2021;112.47260284423828
20/05/2021;113.8572006225586
21/05/2021;113.8663558959961
24/05/2021;114.89335632324219
25/05/2021;114.67327117919922
26/05/2021;114.83831787109375
27/05/2021;114.9391860961914
28/05/2021;115.1684341430664
01/06/2021;115.28763580322266
02/06/2021;115.48936462402344
03/06/2021;115.0125503540039
04/06/2021;116.06704711914062
05/06/2021;124.51
07/06/2021;116.25959014892578
08/06/2021;116.26876068115234
09/06/2021;116.06704711914062
10/06/2021;116.52637481689453
11/06/2021;116.8591079711914
12/06/2021;131.75
14/06/2021;117.06243133544922
15/06/2021;116.83136749267578
16/06/2021;116.21215057373047
17/06/2021;116.01805877685547
18/06/2021;114.24354553222656
21/06/2021;115.7869873046875
22/06/2021;116.21215057373047
23/06/2021;115.91637420654297
24/06/2021;116.8405990600586
25/06/2021;117.1456069946289
28/06/2021;117.0809097290039
29/06/2021;117.1733169555664
30/06/2021;116.97923278808594
01/07/2021;117.43212127685547
02/07/2021;118.15299224853516
04/07/2021;121.19
05/07/2021;125.73
06/07/2021;117.82029724121094
07/07/2021;118.25468444824219
08/07/2021;116.93303680419922
09/07/2021;118.50422668457031
10/07/2021;128.34
12/07/2021;119.0125503540039
13/07/2021;118.39331817626953
14/07/2021;118.67057037353516
15/07/2021;118.02361297607422
16/07/2021;117.16409301757812
19/07/2021;115.36185455322266
20/07/2021;116.83136749267578
21/07/2021;118.10679626464844
22/07/2021;118.29164123535156
23/07/2021;119.40072631835938
26/07/2021;119.47464752197266
27/07/2021;119.05876159667969
28/07/2021;119.27133178710938
29/07/2021;119.89055633544922
30/07/2021;119.06800079345703
01/08/2021;115.31
02/08/2021;119.25284576416016
03/08/2021;120.03843688964844
04/08/2021;119.65950012207031
05/08/2021;120.38964080810547
06/08/2021;120.195556640625
07/08/2021;126.52
09/08/2021;120.21404266357422
10/08/2021;120.3526840209961
11/08/2021;120.78706359863281
12/08/2021;121.03659057617188
13/08/2021;121.40628051757812
16/08/2021;121.36932373046875
17/08/2021;120.44511413574219
18/08/2021;119.45616912841797
19/08/2021;119.0125503540039
20/08/2021;119.8720703125
23/08/2021;121.00885009765625
24/08/2021;121.24915313720703
25/08/2021;121.4432373046875
26/08/2021;120.7962875366211
27/08/2021;121.84068298339844
30/08/2021;122.20112609863281
31/08/2021;122.01628112792969
01/09/2021;122.41368865966797
02/09/2021;122.80186462402344
03/09/2021;122.96824645996094
04/09/2021;122.56
06/09/2021;126.58
07/09/2021;122.65398406982422
08/09/2021;122.26582336425781
09/09/2021;121.84989929199219
10/09/2021;121.15673065185547
11/09/2021;136.039993
12/09/2021;133.8
13/09/2021;121.57262420654297
14/09/2021;120.99038696289062
15/09/2021;121.72051239013672
16/09/2021;121.54490661621094
17/09/2021;120.2972183227539
20/09/2021;118.263916015625
21/09/2021;118.46724700927734
22/09/2021;119.51162719726562
23/09/2021;120.89794921875
24/09/2021;120.68539428710938
27/09/2021;120.43583679199219
28/09/2021;117.86649322509766
29/09/2021;117.85725402832031
30/09/2021;116.8775863647461
01/10/2021;117.82953643798828
02/10/2021;117.31
03/10/2021;116.92
04/10/2021;116.4616928100586
05/10/2021;117.3951416015625
06/10/2021;117.62619018554688
07/10/2021;118.61512756347656
08/10/2021;118.48573303222656
09/10/2021;131.089996
11/10/2021;117.85725402832031
12/10/2021;117.6539306640625
13/10/2021;118.31937408447266
14/10/2021;120.20478057861328
15/10/2021;121.07356262207031
18/10/2021;121.24915313720703
19/10/2021;122.0994644165039
20/10/2021;122.4783935546875
21/10/2021;122.59854125976562
22/10/2021;122.68172454833984
25/10/2021;122.94050216674805
26/10/2021;123.19927978515625
27/10/2021;123.45805740356445
28/10/2021;123.71683502197266
29/10/2021;123.69837188720703
01/11/2021;124.2251968383789
02/11/2021;124.48397827148438
03/11/2021;125.34349822998047
04/11/2021;125.62076568603516
05/11/2021;126.02740478515625
06/11/2021;126.44
08/11/2021;126.11060333251953
09/11/2021;125.7316665649414
10/11/2021;124.49319458007812
11/11/2021;124.76123046875
12/11/2021;125.7224349975586
15/11/2021;125.62076568603516
16/11/2021;125.92574310302734
17/11/2021;125.59302520751953
18/11/2021;125.89802551269531
19/11/2021;125.34349822998047
22/11/2021;124.69652557373047
23/11/2021;124.70574951171875
24/11/2021;124.79822540283203
26/11/2021;121.99779510498047
29/11/2021;123.06988525390625
30/11/2021;121.1659927368164
01/12/2021;119.73342895507812
02/12/2021;121.43401336669922
03/12/2021;120.51902770996094
04/12/2021;122.48
05/12/2021;120.84
06/12/2021;121.76673126220703
07/12/2021;124.30834197998047
08/12/2021;124.73350524902344
09/12/2021;123.66142272949219
10/12/2021;124.38228607177734
11/12/2021;136.029999
13/12/2021;123.29788208007812
14/12/2021;122.3111801147461
15/12/2021;124.1728515625
16/12/2021;123.57714080810547
17/12/2021;122.2646484375
20/12/2021;121.2407455444336
21/12/2021;123.19548034667969
22/12/2021;124.28456115722656
23/12/2021;125.17814636230469
27/12/2021;126.5557861328125
28/12/2021;126.42546844482422
29/12/2021;126.5092544555664
30/12/2021;126.32950592041016
31/12/2021;126.03147888183594
02/01/2022;129.37
03/01/2022;126.71133422851562
04/01/2022;126.71133422851562
05/01/2022;124.58782958984375
06/01/2022;124.3550033569336
07/01/2022;124.04765319824219
08/01/2022;115.38
09/01/2022;109.96
10/01/2022;123.5354232788086
11/01/2022;124.82070922851562
12/01/2022;125.37019348144531
13/01/2022;123.85206604003906
14/01/2022;123.8707046508789
18/01/2022;121.64476776123047
19/01/2022;120.76927947998047
20/01/2022;119.64234161376953
21/01/2022;117.52815246582031
24/01/2022;117.44432067871094
25/01/2022;116.28013610839844
26/01/2022;115.87964630126953
27/01/2022;115.26495361328125
28/01/2022;117.2953109741211
31/01/2022;119.5119400024414
01/02/2022;120.4898681640625
02/02/2022;121.49574279785156
03/02/2022;118.87861633300781
04/02/2022;119.41880798339844
05/02/2022;117.84
06/02/2022;119.38
07/02/2022;119.26979064941406
08/02/2022;120.12664031982422
09/02/2022;121.96142578125
10/02/2022;120.06145477294922
11/02/2022;117.94725799560547
12/02/2022;115.69
14/02/2022;117.4536361694336
15/02/2022;119.49331665039062
16/02/2022;119.70752716064453
17/02/2022;117.3884506225586
18/02/2022;116.5129623413086
22/02/2022;115.125244140625
23/02/2022;113.45811462402344
24/02/2022;114.01690673828125
25/02/2022;116.68061065673828
28/02/2022;116.02867126464844
01/03/2022;114.1473159790039
02/03/2022;116.02867126464844
03/03/2022;114.78064727783203
04/03/2022;113.24390411376953
05/03/2022;118.47
06/03/2022;117.41
07/03/2022;109.85375213623047
08/03/2022;109.48120880126953
09/03/2022;112.85272979736328
10/03/2022;112.16352844238281
11/03/2022;110.7385482788086
14/03/2022;110.30081176757812
15/03/2022;112.38704681396484
16/03/2022;115.33014678955078
17/03/2022;116.54090118408203
18/03/2022;118.04039764404297
21/03/2022;117.91931915283203
22/03/2022;119.28841400146484
23/03/2022;117.80757141113281
24/03/2022;119.26048278808594
25/03/2022;119.62371063232422
28/03/2022;120.15457153320312
29/03/2022;122.01729583740234
30/03/2022;121.2442626953125
31/03/2022;119.36293029785156
01/04/2022;119.96829986572266
02/04/2022;128.22
03/04/2022;121.59
04/04/2022;120.82514953613281
05/04/2022;119.22321319580078
06/04/2022;117.91931915283203
07/04/2022;118.43157196044922
08/04/2022;118.08695983886719
10/04/2022;105.89
11/04/2022;116.31739044189453
12/04/2022;115.7865219116211
13/04/2022;117.24874114990234
14/04/2022;116.05660247802734
18/04/2022;115.66542053222656
19/04/2022;117.10904693603516
20/04/2022;117.27668762207031
21/04/2022;115.5257339477539
22/04/2022;112.67576599121094
25/04/2022;112.94586944580078
26/04/2022;109.9096450805664
27/04/2022;110.3194351196289
28/04/2022;112.69438171386719
29/04/2022;109.3601303100586
01/05/2022;133.77
02/05/2022;109.75129699707031
03/05/2022;110.33805847167969
04/05/2022;113.18801879882812
05/05/2022;109.06210327148438
06/05/2022;108.35425567626953
07/05/2022;107.3
08/05/2022;115.64
09/05/2022;104.8430404663086
10/05/2022;105.08518981933594
11/05/2022;103.69746398925781
12/05/2022;103.66022491455078
13/05/2022;106.32390594482422
16/05/2022;106.00724792480469
17/05/2022;108.15867614746094
18/05/2022;104.34942626953125
19/05/2022;104.3028564453125
20/05/2022;104.61021423339844
23/05/2022;106.40772247314453
24/05/2022;105.64401245117188
25/05/2022;106.42634582519531
26/05/2022;108.2890625
27/05/2022;110.52433013916016
31/05/2022;109.84445190429688
01/06/2022;108.97828674316406
02/06/2022;111.18560028076172
03/06/2022;109.35082244873047
04/06/2022;126.61
05/06/2022;116.34
06/06/2022;109.74199676513672
07/06/2022;110.65471649169922
08/06/2022;109.38806915283203
09/06/2022;106.83946990966797
10/06/2022;103.80514526367188
12/06/2022;112.31
13/06/2022;99.8126449584961
14/06/2022;99.31474304199219
15/06/2022;100.95873260498047
16/06/2022;97.93382263183594
17/06/2022;98.01835632324219
21/06/2022;100.056884765625
22/06/2022;99.72809600830078
23/06/2022;100.34810638427734
24/06/2022;101.74312973022461
27/06/2022;103.13815307617188
28/06/2022;101.3908462524414
29/06/2022;101.21235656738281
30/06/2022;100.40446472167969
01/07/2022;101.23117065429688
02/07/2022;128.059998
03/07/2022;117.95
04/07/2022;127.16
05/07/2022;100.79901885986328
06/07/2022;101.04326629638672
07/07/2022;102.59330749511719
08/07/2022;102.6308822631836
09/07/2022;110.18
10/07/2022;101.55
11/07/2022;101.1466064453125
12/07/2022;100.62993621826172
13/07/2022;100.3011245727539
14/07/2022;99.56839752197266
15/07/2022;101.25933837890625
18/07/2022;100.93993377685547
19/07/2022;103.68302917480469
20/07/2022;103.96484375
21/07/2022;105.08275604248047
22/07/2022;104.21849822998047
25/07/2022;104.57546997070312
26/07/2022;103.18513488769531
27/07/2022;105.84366607666016
28/07/2022;107.00855255126953
29/07/2022;108.56796264648438
01/08/2022;108.38948822021484
02/08/2022;107.44068145751953
03/08/2022;108.80282592773438
04/08/2022;108.97190856933594
05/08/2022;108.63372802734375
06/08/2022;117.45
07/08/2022;109.25
08/08/2022;108.59614562988281
09/08/2022;108.0512924194336
10/08/2022;110.44680786132812
11/08/2022;110.47498321533203
12/08/2022;112.0062255859375
15/08/2022;112.12834930419922
16/08/2022;112.35379791259766
17/08/2022;111.47077178955078
18/08/2022;111.48014831542969
19/08/2022;109.98648071289062
22/08/2022;107.77886962890625
23/08/2022;107.77886962890625
24/08/2022;108.07947540283203
25/08/2022;109.48859405517578
26/08/2022;106.06914520263672
29/08/2022;105.4773178100586
30/08/2022;104.40637969970703
31/08/2022;103.59847259521484
01/09/2022;103.29786682128906
02/09/2022;102.37724304199219
03/09/2022;121.17
05/09/2022;112.57
06/09/2022;101.93571472167969
07/09/2022;103.5045394897461
08/09/2022;104.03999328613281
09/09/2022;106.05973815917969
11/09/2022;105.66
12/09/2022;107.29036712646484
13/09/2022;102.9033203125
14/09/2022;103.3072738647461
15/09/2022;102.25511932373047
16/09/2022;101.46601104736328
19/09/2022;102.05783081054688
20/09/2022;100.80841827392578
21/09/2022;99.192626953125
22/09/2022;98.36595153808594
23/09/2022;96.18650817871094
26/09/2022;95.02164459228516
27/09/2022;94.76799011230469
28/09/2022;96.71257781982422
29/09/2022;95.04041290283203
30/09/2022;93.89434814453125
01/10/2022;132.64
02/10/2022;128.91
03/10/2022;96.1958999633789
04/10/2022;99.47445678710938
05/10/2022;99.09867858886719
06/10/2022;97.87744903564453
07/10/2022;95.39739990234375
08/10/2022;117.57
10/10/2022;94.79618072509766
11/10/2022;93.98828887939453
12/10/2022;93.69705963134766
13/10/2022;96.11135864257812
14/10/2022;93.90372467041016
17/10/2022;96.31802368164062
18/10/2022;97.35137176513672
19/10/2022;96.52471160888672
20/10/2022;95.8952865600586
21/10/2022;97.96199798583984
24/10/2022;98.70413208007812
25/10/2022;100.57356262207031
26/10/2022;100.3293228149414
27/10/2022;99.8126449584961
28/10/2022;101.71965026855469
31/10/2022;100.91175079345703
01/11/2022;100.9305419921875
02/11/2022;98.61018371582031
03/11/2022;97.64260864257812
04/11/2022;99.69051361083984
05/11/2022;111.34
07/11/2022;100.45144653320312
08/11/2022;101.17479705810547
09/11/2022;99.25839233398438
10/11/2022;104.73516845703125
11/11/2022;106.17247772216797
14/11/2022;105.11093139648438
15/11/2022;106.02217102050781
16/11/2022;105.33638000488281
17/11/2022;105.06394958496094
18/11/2022;105.45851135253906
21/11/2022;104.8291015625
22/11/2022;106.3227767944336
23/11/2022;107.14006805419922
25/11/2022;107.28096771240234
28/11/2022;105.69336700439453
29/11/2022;105.59942626953125
30/11/2022;108.44586181640625
01/12/2022;108.80282592773438
02/12/2022;108.68069458007812
04/12/2022;124.32
05/12/2022;106.7455062866211
06/12/2022;105.50547790527344
07/12/2022;105.37397003173828
08/12/2022;106.13490295410156
09/12/2022;105.59003448486328
10/12/2022;99.74
12/12/2022;106.66096496582031
13/12/2022;107.74828338623047
14/12/2022;107.24673461914062
15/12/2022;104.50240325927734
16/12/2022;103.40467071533203
19/12/2022;102.6665267944336
20/12/2022;102.92203521728516
21/12/2022;104.3415298461914
22/12/2022;103.04505920410156
23/12/2022;103.56554412841797
27/12/2022;103.31948852539062
28/12/2022;102.07981872558594
29/12/2022;103.84943389892578
30/12/2022;103.3857421875
02/01/2023;118.24
03/01/2023;103.24378967285156
04/01/2023;104.25636291503906
05/01/2023;103.03559875488281
06/01/2023;105.46763610839844
08/01/2023;127.91
09/01/2023;105.59066772460938
10/01/2023;106.16793823242188
11/01/2023;107.32244873046875
12/01/2023;108.15520477294922
13/01/2023;108.63783264160156
17/01/2023;108.62837219238281
18/01/2023;107.37922668457031
19/01/2023;106.6978759765625
20/01/2023;108.41069793701172
23/01/2023;109.48951721191406
24/01/2023;109.38542938232422
25/01/2023;109.60308074951172
26/01/2023;110.51155090332031
27/01/2023;110.67241668701172
30/01/2023;109.42328643798828
31/01/2023;110.72920227050781
01/02/2023;111.89318084716797
02/02/2023;113.01930236816406
03/02/2023;111.82693481445312
05/02/2023;118.37
06/02/2023;111.00364685058594
07/02/2023;112.28118133544922
08/02/2023;111.22129821777344
09/02/2023;110.54940795898438
10/02/2023;110.5588607788086
11/02/2023;120.72
13/02/2023;111.7890853881836
14/02/2023;111.93103790283203
15/02/2023;112.09191131591797
16/02/2023;110.87115478515625
17/02/2023;110.60618591308594
21/02/2023;108.71353912353516
22/02/2023;108.46749114990234
23/02/2023;108.98796844482422
24/02/2023;107.54956817626953
27/02/2023;108.22145080566406
28/02/2023;107.86184692382812
01/03/2023;107.71990203857422
02/03/2023;108.33502197265625
03/03/2023;110.02891540527344
04/03/2023;118.22
05/03/2023;117.86
06/03/2023;109.98162078857422
07/03/2023;108.24036407470703
08/03/2023;108.49588775634766
09/03/2023;106.79249572753906
10/03/2023;105.27838897705078
11/03/2023;121.93
13/03/2023;104.9755630493164
14/03/2023;106.57484436035156
15/03/2023;105.07966613769531
16/03/2023;106.83035278320312
17/03/2023;105.57174682617188
20/03/2023;106.72625732421875
21/03/2023;108.24983978271484
22/03/2023;106.84928894042969
23/03/2023;107.01961517333984
24/03/2023;107.33190155029297
27/03/2023;107.8429183959961
28/03/2023;107.75775146484375
29/03/2023;109.21509552001953
30/03/2023;110.0099868774414
31/03/2023;111.3537826538086
01/04/2023;110.17
03/04/2023;111.8742446899414
04/04/2023;111.44841003417969
05/04/2023;110.96578216552734
06/04/2023;111.36323547363281
08/04/2023;125.22
10/04/2023;111.46733856201172
11/04/2023;111.60929107666016
12/04/2023;111.5146484375
13/04/2023;113.00983428955078
14/04/2023;112.74486541748047
17/04/2023;112.90574645996094
18/04/2023;113.19911193847656
19/04/2023;113.02876281738281
20/04/2023;112.58399963378906
21/04/2023;112.8205795288086
24/04/2023;112.95306396484375
25/04/2023;111.18343353271484
26/04/2023;110.82384490966797
27/04/2023;112.78271484375
28/04/2023;113.35997772216797
01/05/2023;113.24640655517578
02/05/2023;112.01620483398438
03/05/2023;111.53357696533203
04/05/2023;110.99417877197266
05/05/2023;112.94359588623047
06/05/2023;121.46
07/05/2023;124.16
08/05/2023;112.99091339111328
09/05/2023;112.5272216796875
10/05/2023;112.80165100097656
11/05/2023;112.53668212890625
12/05/2023;112.37580108642578
15/05/2023;113.04768371582031
16/05/2023;112.07298278808594
17/05/2023;113.14231872558594
18/05/2023;113.8709945678711
19/05/2023;113.92777252197266
22/05/2023;114.00347900390625
23/05/2023;112.64078521728516
24/05/2023;111.58088684082031
25/05/2023;112.05406188964844
26/05/2023;113.47354125976562
30/05/2023;113.10446166992188
31/05/2023;112.23385620117188
01/06/2023;113.58708953857422
02/06/2023;115.29047393798828
03/06/2023;116.22
04/06/2023;117.68
05/06/2023;114.94033813476562
06/06/2023;115.43243408203125
07/06/2023;114.81136322021484
08/06/2023;115.56620025634766
09/06/2023;115.6999740600586
10/06/2023;120.25
11/06/2023;121.89
12/06/2023;116.5981216430664
13/06/2023;117.4771728515625
14/06/2023;117.69693756103516
15/06/2023;119.14927673339844
16/06/2023;118.75752258300781
20/06/2023;117.75426483154297
21/06/2023;117.43895721435547
22/06/2023;117.41983795166016
23/06/2023;116.3687973022461
26/06/2023;116.12992858886719
27/06/2023;117.33385467529297
28/06/2023;117.35295867919922
29/06/2023;117.69693756103516
30/06/2023;118.97727966308594
02/07/2023;118.65
03/07/2023;119.24482727050781
05/07/2023;118.6333236694336
06/07/2023;117.30516815185547
07/07/2023;117.4007339477539
08/07/2023;126.29
09/07/2023;124.089996
10/07/2023;117.7638168334961
11/07/2023;118.65242767333984
12/07/2023;119.94233703613281
13/07/2023;121.32778930664062
14/07/2023;121.00292205810547
17/07/2023;121.27045440673828
18/07/2023;122.2354965209961
19/07/2023;122.39794158935547
20/07/2023;121.6622085571289
21/07/2023;121.72909545898438
24/07/2023;121.9106216430664
25/07/2023;122.22593688964844
26/07/2023;122.31192779541016
27/07/2023;121.5571060180664
28/07/2023;122.7228012084961
31/07/2023;122.81834411621094
01/08/2023;122.21640014648438
02/08/2023;120.29585266113281
03/08/2023;119.93276977539062
04/08/2023;119.64613342285156
05/08/2023;119.4
06/08/2023;120.95
07/08/2023;120.66850280761719
08/08/2023;120.0569839477539
09/08/2023;119.44548034667969
10/08/2023;119.59835052490234
11/08/2023;119.31171417236328
12/08/2023;128.92
14/08/2023;119.59835052490234
15/08/2023;118.17467498779297
16/08/2023;117.2383041381836
17/08/2023;116.42613220214844
18/08/2023;116.39747619628906
21/08/2023;117.11408996582031
22/08/2023;116.77010345458984
23/08/2023;118.01224517822266
24/08/2023;116.44524383544922
25/08/2023;117.2383041381836
28/08/2023;118.13645935058594
29/08/2023;119.81812286376953
30/08/2023;120.28630828857422
31/08/2023;120.10475158691406
01/09/2023;120.30542755126953
02/09/2023;116.82
03/09/2023;112.85
05/09/2023;119.63656616210938
06/09/2023;118.91040802001953
07/09/2023;118.56641387939453
08/09/2023;118.5950927734375
10/09/2023;120.79
11/09/2023;119.52191162109375
12/09/2023;118.93907165527344
13/09/2023;118.97727966308594
14/09/2023;120.12387084960938
15/09/2023;119.07283782958984
18/09/2023;118.97727966308594
19/09/2023;118.8052978515625
20/09/2023;117.9358139038086
21/09/2023;115.95795440673828
22/09/2023;115.77640533447266
25/09/2023;115.98660278320312
26/09/2023;114.34317016601562
27/09/2023;114.2571792602539
28/09/2023;115.15533447265625
29/09/2023;114.82090759277344
01/10/2023;112.19
02/10/2023;114.19029998779297
03/10/2023;112.69019317626953
04/10/2023;113.3494644165039
05/10/2023;113.58834075927734
06/10/2023;114.89735412597656
07/10/2023;123.25
08/10/2023;125.17
09/10/2023;115.41332244873047
10/10/2023;116.35926055908203
11/10/2023;116.87521362304688
12/10/2023;115.97705841064453
13/10/2023;115.30821990966797
16/10/2023;116.42613220214844
17/10/2023;116.41658020019531
18/10/2023;114.71580505371094
19/10/2023;113.68389129638672
20/10/2023;112.41309356689453
23/10/2023;112.26976013183594
24/10/2023;113.03414916992188
25/10/2023;111.57225036621094
26/10/2023;110.43522644042969
27/10/2023;109.89060974121094
30/10/2023;111.24739837646484
31/10/2023;111.89712524414062
01/11/2023;113.05326843261719
02/11/2023;115.346435546875
03/11/2023;115.90539932250977
04/11/2023;117.94
05/11/2023;118.92
06/11/2023;116.46436309814453
07/11/2023;116.55990600585938
08/11/2023;116.58856201171875
09/11/2023;115.91017150878906
10/11/2023;117.3720703125
12/11/2023;129.41
13/11/2023;117.41028594970703
14/11/2023;119.87545013427734
15/11/2023;120.06654357910156
16/11/2023;120.06654357910156
17/11/2023;120.67805480957031
20/11/2023;120.97425842285156
21/11/2023;121.27046203613281
22/11/2023;121.56666564941406
24/11/2023;121.84375
27/11/2023;121.64310455322266
28/11/2023;121.7386474609375
29/11/2023;121.75775146484375
30/11/2023;122.09217071533203
01/12/2023;123.0285415649414
04/12/2023;122.34059143066406
05/12/2023;122.14949798583984
06/12/2023;122.44570541381836
07/12/2023;122.74191284179688
08/12/2023;123.18143463134766
09/12/2023;124.48
10/12/2023;121.38
11/12/2023;123.64962768554688
12/12/2023;123.9744873046875
13/12/2023;125.80901336669922
14/12/2023;126.46829986572266
15/12/2023;126.0765609741211
18/12/2023;126.6594009399414
19/12/2023;127.53844451904297
20/12/2023;125.84200286865234
21/12/2023;127.31591796875
22/12/2023;127.57601928710938
26/12/2023;128.10585021972656
27/12/2023;128.471923828125
28/12/2023;128.39486694335938
29/12/2023;128.14439392089844
02/01/2024;127.07508087158203
03/01/2024;126.0539321899414
04/01/2024;125.90943145751953
05/01/2024;126.06356811523438
07/01/2024;147.81
08/01/2024;127.73016357421875
09/01/2024;127.2195816040039
10/01/2024;127.96137237548828
11/01/2024;127.95173645019531
12/01/2024;128.0576934814453
16/01/2024;127.17140197753906
17/01/2024;126.34292602539062
18/01/2024;127.40262603759766
19/01/2024;128.7320556640625
22/01/2024;129.0306854248047
23/01/2024;129.1944580078125
24/01/2024;129.49307250976562
25/01/2024;130.003662109375
26/01/2024;130.1192626953125
29/01/2024;131.12112426757812
30/01/2024;131.0055389404297
31/01/2024;129.28114318847656
01/02/2024;130.77435302734375
02/02/2024;131.44866943359375
04/02/2024;143.5
05/02/2024;130.86105346679688
06/02/2024;131.37161254882812
07/02/2024;132.12301635742188
08/02/2024;132.2000732421875
09/02/2024;132.84552001953125
10/02/2024;155.63
12/02/2024;132.94186401367188
13/02/2024;130.94772338867188
14/02/2024;132.34458923339844
15/02/2024;133.47171020507812
16/02/2024;132.98037719726562
20/02/2024;132.56614685058594
21/02/2024;132.65284729003906
22/02/2024;135.04196166992188
23/02/2024;135.1864776611328
26/02/2024;134.66624450683594
27/02/2024;135.01304626464844
28/02/2024;134.5891876220703
29/02/2024;135.13829040527344
01/03/2024;136.3520965576172
04/03/2024;136.18833923339844
05/03/2024;135.128662109375
06/03/2024;136.1401824951172
07/03/2024;137.60443115234375
08/03/2024;136.872314453125
09/03/2024;151.0099945
10/03/2024;155.039993
11/03/2024;136.4773406982422
12/03/2024;137.91275024414062
13/03/2024;137.78749084472656
14/03/2024;137.1805877685547
15/03/2024;136.54478454589844
18/03/2024;136.9590301513672
19/03/2024;137.63336181640625
20/03/2024;138.92425537109375
21/03/2024;139.3673858642578
22/03/2024;139.10728454589844
25/03/2024;138.72193908691406
26/03/2024;138.5388946533203
27/03/2024;139.59860229492188
28/03/2024;139.59860229492188
01/04/2024;139.20359802246094
02/04/2024;138.24026489257812
03/04/2024;138.6544952392578
04/04/2024;137.08425903320312
05/04/2024;138.29806518554688
06/04/2024;146.029999
08/04/2024;138.4521942138672
09/04/2024;138.5581817626953
10/04/2024;137.02647399902344
11/04/2024;137.9705352783203
12/04/2024;135.82229614257812
15/04/2024;134.43504333496094
16/04/2024;133.8859405517578
17/04/2024;133.44281005859375
18/04/2024;133.04782104492188
19/04/2024;132.2771453857422
22/04/2024;133.43316650390625
23/04/2024;134.92636108398438
24/04/2024;134.8203887939453
25/04/2024;134.33872985839844
26/04/2024;135.63922119140625
29/04/2024;136.053466796875
30/04/2024;134.06898498535156
01/05/2024;133.5198974609375
02/05/2024;135.0516128540039
03/05/2024;136.5833282470703
04/05/2024;143.56
06/05/2024;137.92237854003906
07/05/2024;138.06687927246094
08/05/2024;138.05723571777344
09/05/2024;138.85682678222656
10/05/2024;139.08802795410156
11/05/2024;155.96001
12/05/2024;162.67
13/05/2024;139.0012969970703
14/05/2024;139.82017517089844
15/05/2024;140.44634246826172
16/05/2024;141.072509765625
17/05/2024;141.35186767578125
20/05/2024;141.40003967285156
21/05/2024;141.63125610351562
22/05/2024;140.94728088378906
23/05/2024;139.9742889404297
24/05/2024;140.94728088378906
28/05/2024;140.97616577148438
29/05/2024;139.51190185546875
30/05/2024;139.32887268066406
31/05/2024;140.36927795410156
02/06/2024;136.37
03/06/2024;140.70645141601562
04/06/2024;140.6775360107422
05/06/2024;142.15145874023438
06/06/2024;142.23814392089844
07/06/2024;141.640869140625
08/06/2024;141.75999
09/06/2024;147.75
10/06/2024;141.95880126953125
11/06/2024;141.76358032226562
12/06/2024;143.08438110351562
13/06/2024;142.7736053466797
14/06/2024;142.3560028076172
17/06/2024;143.22035217285156
18/06/2024;143.6962432861328
20/06/2024;143.463134765625
21/06/2024;142.98727416992188
24/06/2024;143.026123046875
25/06/2024;143.52142333984375
26/06/2024;143.4437255859375
27/06/2024;143.48260498046875
28/06/2024;143.23977661132812
01/07/2024;143.55056762695312
02/07/2024;144.29837036132812
03/07/2024;145.27926635742188
05/07/2024;146.16305541992188
06/07/2024;147.029999
08/07/2024;146.0076446533203
09/07/2024;146.09506225585938
10/07/2024;147.63926696777344
11/07/2024;146.91085815429688
12/07/2024;148.00828552246094
15/07/2024;148.01800537109375
16/07/2024;148.88235473632812
17/07/2024;147.23133850097656
18/07/2024;145.91053771972656
19/07/2024;144.88107299804688
22/07/2024;146.42526245117188
23/07/2024;145.9591064453125
24/07/2024;142.98727416992188
25/07/2024;142.27828979492188
26/07/2024;143.86134338378906
29/07/2024;143.8127899169922
30/07/2024;143.40489196777344
31/07/2024;145.6483154296875
01/08/2024;143.06495666503906
02/08/2024;140.45248413085938
03/08/2024;142.080002
04/08/2024;143.72
05/08/2024;136.6260223388672
06/08/2024;137.67489624023438
07/08/2024;137.1116180419922
08/08/2024;140.02517700195312
09/08/2024;140.8506622314453
10/08/2024;156.070007
11/08/2024;159.88
12/08/2024;140.72442626953125
13/08/2024;143.17178344726562
14/08/2024;143.60882568359375
15/08/2024;145.76486206054688
16/08/2024;146.3670196533203
19/08/2024;147.83348083496094
20/08/2024;147.6197967529297
21/08/2024;148.46473693847656
22/08/2024;147.12451171875
23/08/2024;149.36793518066406
26/08/2024;148.9406280517578
27/08/2024;149.1639862060547
28/08/2024;148.45504760742188
29/08/2024;148.5521697998047
30/08/2024;149.7369842529297
01/09/2024;132.059998
02/09/2024;137.89999
03/09/2024;146.65834045410156
04/09/2024;146.37669372558594
05/09/2024;145.8619842529297
06/09/2024;143.49229431152344
07/09/2024;150.42999
08/09/2024;145.029999
09/09/2024;145.02676391601562
10/09/2024;145.42495727539062
11/09/2024;146.85260009765625
12/09/2024;147.96945190429688
13/09/2024;148.7269744873047
16/09/2024;149.24169921875
17/09/2024;148.99888610839844
18/09/2024;148.6007080078125
19/09/2024;151.17434692382812
20/09/2024;150.64019775390625
23/09/2024;151.09666442871094
24/09/2024;151.57254028320312
25/09/2024;151.1937713623047
26/09/2024;152.57286071777344
27/09/2024;152.106689453125
30/09/2024;152.38833618164062
01/10/2024;151.12579345703125
02/10/2024;151.14523315429688
03/10/2024;150.57220458984375
04/10/2024;151.83474731445312
05/10/2024;144.38
06/10/2024;147.36
07/10/2024;150.5333709716797
08/10/2024;151.57254028320312
09/10/2024;152.37863159179688
10/10/2024;152.1260986328125
11/10/2024;153.0001678466797
12/10/2024;161.33
14/10/2024;153.97134399414062
15/10/2024;152.4466094970703
16/10/2024;153.0681610107422
17/10/2024;153.1555633544922
18/10/2024;153.8353729248047
21/10/2024;153.16526794433594
22/10/2024;152.9224853515625
23/10/2024;151.39772033691406
24/10/2024;151.8930206298828
25/10/2024;151.65020751953125
28/10/2024;152.32034301757812
29/10/2024;152.32034301757812
30/10/2024;151.7667694091797
31/10/2024;149.29994201660156
01/11/2024;149.90211486816406
03/11/2024;141.67
04/11/2024;149.69813537597656
05/11/2024;151.4656982421875
06/11/2024;153.7965545654297
07/11/2024;155.3018798828125
08/11/2024;155.2727508544922
09/11/2024;151.21001
10/11/2024;157.53999
11/11/2024;155.632080078125
12/11/2024;154.5928955078125
13/11/2024;154.38897705078125
14/11/2024;153.7479705810547
15/11/2024;152.14553833007812
18/11/2024;152.8544921875
19/11/2024;153.30123901367188
20/11/2024;153.2138214111328
21/11/2024;154.00050354003906
22/11/2024;154.6706085205078
25/11/2024;155.15618896484375
26/11/2024;155.4378662109375
27/11/2024;155.24362182617188
29/11/2024;156.4964141845703
01/12/2024;132.92999
02/12/2024;156.8946075439453
03/12/2024;157.05970764160156
04/12/2024;157.97262573242188
05/12/2024;157.98233032226562
06/12/2024;158.2542724609375
07/12/2024;152.39999
08/12/2024;144.89999
09/12/2024;157.35107421875
10/12/2024;156.6809539794922
11/12/2024;157.90463256835938
12/12/2024;156.88490295410156
13/12/2024;156.70037841796875
16/12/2024;157.04029846191406
17/12/2024;156.45651245117188
18/12/2024;154.0901107788086
19/12/2024;151.7237091064453
20/12/2024;152.8971405029297
23/12/2024;153.9141082763672
24/12/2024;155.25375366210938
26/12/2024;155.53732299804688
27/12/2024;154.1096649169922
30/12/2024;152.6624298095703
31/12/2024;152.05616760253906
02/01/2025;151.7628173828125
03/01/2025;153.50338745117188
04/01/2025;153.60001
05/01/2025;154.78
06/01/2025;154.26611328125
07/01/2025;152.94601440429688
08/01/2025;152.965576171875
10/01/2025;150.83384704589844
12/01/2025;184.83
13/01/2025;150.81430053710938
14/01/2025;151.00985717773438
15/01/2025;153.63052368164062
16/01/2025;153.65985107421875
17/01/2025;154.89195251464844
21/01/2025;156.7205352783203
22/01/2025;157.32679748535156
23/01/2025;158.28509521484375
24/01/2025;158.15798950195312
27/01/2025;156.4369354248047
28/01/2025;157.36590576171875
29/01/2025;156.85743713378906
30/01/2025;157.97218322753906
31/01/2025;157.10191345214844
01/02/2025;155.2
03/02/2025;155.8404541015625
04/02/2025;157.08233642578125
05/02/2025;157.97218322753906
06/02/2025;158.47088623046875
07/02/2025;157.04322814941406
09/02/2025;174.55
10/02/2025;158.0992889404297
11/02/2025;158.3828887939453
12/02/2025;158.24598693847656
13/02/2025;159.9279022216797
14/02/2025;160.1919174194336
18/02/2025;160.4559326171875
19/02/2025;160.39724731445312
20/02/2025;159.0527114868164
21/02/2025;157.7081756591797
24/02/2025;157.0725555419922
25/02/2025;156.85743713378906
26/02/2025;156.95523071289062
27/02/2025;154.55947875976562
28/02/2025;156.45651245117188
01/03/2025;156.98
02/03/2025;159.37
03/03/2025;154.78436279296875
04/03/2025;153.48385620117188
05/03/2025;155.71334838867188
06/03/2025;153.02426147460938
07/03/2025;154.14877319335938
09/03/2025;175.2
10/03/2025;149.94400024414062
11/03/2025;149.0541534423828
12/03/2025;149.80709838867188
13/03/2025;147.89053344726562
14/03/2025;151.03921508789062
17/03/2025;152.41796875
18/03/2025;151.10765075683594
19/03/2025;152.47665405273438
20/03/2025;151.8899383544922
21/03/2025;151.7921600341797
24/03/2025;153.93365478515625
25/03/2025;154.2856903076172
26/03/2025;152.52552795410156
27/03/2025;152.13441467285156
28/03/2025;149.49420166015625
31/03/2025;149.78753662109375
01/04/2025;150.19825744628906
02/04/2025;151.20545959472656
03/04/2025;144.99607849121094
04/04/2025;136.1660614013672
06/04/2025;165.12
07/04/2025;134.95350646972656
08/04/2025;140.07257843017578
09/04/2025;145.191650390625
10/04/2025;140.90866088867188
11/04/2025;143.66619873046875
12/04/2025;186.25
14/04/2025;144.98631286621094
15/04/2025;145.1623077392578
16/04/2025;142.80567932128906
17/04/2025;143.42172241210938
21/04/2025;140.7913055419922
22/04/2025;144.1160125732422
23/04/2025;145.91525268554688
24/04/2025;148.73147583007812
25/04/2025;149.66043090820312
28/04/2025;150.05157470703125
29/04/2025;150.76539611816406
30/04/2025;150.86318969726562
01/05/2025;151.3521270751953
02/05/2025;153.72830200195312
03/05/2025;159.24001
05/05/2025;153.16116333007812
06/05/2025;152.26153564453125
07/05/2025;152.57443237304688
08/05/2025;153.15138244628906
09/05/2025;153.30783081054688
11/05/2025;183.91
12/05/2025;157.0725555419922
13/05/2025;158.04063415527344
14/05/2025;158.04063415527344
15/05/2025;158.9109344482422
16/05/2025;159.88877868652344
19/05/2025;160.2994842529297
20/05/2025;160.13323974609375
21/05/2025;158.03086853027344
22/05/2025;157.91351318359375
23/05/2025;157.395263671875
27/05/2025;160.20169067382812
28/05/2025;159.16517639160156
29/05/2025;159.73233032226562
30/05/2025;159.69320678710938
01/06/2025;157.75999
02/06/2025;160.80795288085938
03/06/2025;161.26754760742188
04/06/2025;161.463134765625
05/06/2025;160.7981719970703
06/06/2025;162.1769561767578
08/06/2025;172.19
09/06/2025;162.25518798828125
10/06/2025;162.8614501953125
11/06/2025;162.48985290527344
12/06/2025;163.27215576171875
13/06/2025;161.34579467773438
16/06/2025;162.7460174560547
17/06/2025;161.24822998046875
18/06/2025;161.2876434326172
20/06/2025;160.63729858398438
23/06/2025;162.0858154296875
24/06/2025;163.97775268554688
25/06/2025;163.69198608398438
26/06/2025;165.2489013671875
27/06/2025;166.12586975097656
30/06/2025;166.9043426513672
01/07/2025;166.6776885986328
02/07/2025;167.3871612548828
03/07/2025;168.37255859375
04/07/2025;138.0099945
05/07/2025;156.029999
07/07/2025;166.99301147460938
08/07/2025;167.08169555664062
09/07/2025;168.2050323486328
10/07/2025;168.53021240234375
11/07/2025;167.62367248535156
14/07/2025;167.96856689453125
15/07/2025;166.99301147460938
16/07/2025;167.51527404785156
17/07/2025;168.45138549804688
18/07/2025;168.3134307861328
21/07/2025;168.71743774414062
22/07/2025;169.0130615234375
23/07/2025;170.9542694091797
24/07/2025;170.8163299560547
25/07/2025;171.21046447753906
28/07/2025;170.471435546875
29/07/2025;170.10682678222656
30/07/2025;169.62399291992188
31/07/2025;168.5991973876953
01/08/2025;166.490478515625
04/08/2025;168.91452026367188
05/08/2025;168.34300231933594
06/08/2025;169.6732635498047
07/08/2025;169.8309326171875
08/08/2025;171.09222412109375
09/08/2025;177.25999
10/08/2025;183.52
11/08/2025;170.56997680664062
12/08/2025;172.5604248046875
13/08/2025;173.20094299316406
14/08/2025;173.03343200683594
15/08/2025;173.15167236328125
18/08/2025;172.95458984375
19/08/2025;172.23526000976562
20/08/2025;172.11700439453125
21/08/2025;171.4174041748047
22/08/2025;173.97938537597656
25/08/2025;172.92503356933594
26/08/2025;173.3684539794922
27/08/2025;173.63450622558594
28/08/2025;174.33413696289062
29/08/2025;173.30934143066406
02/09/2025;171.99876403808594
03/09/2025;172.63926696777344
04/09/2025;174.0779266357422
05/09/2025;173.8512725830078
06/09/2025;165.92999
07/09/2025;170.7
08/09/2025;174.66915893554688
09/09/2025;174.9647674560547
10/09/2025;175.26039123535156
11/09/2025;176.84686279296875
12/09/2025;176.6300811767578
15/09/2025;177.54647827148438
16/09/2025;177.3789520263672
17/09/2025;176.935546875
18/09/2025;177.86180114746094
19/09/2025;178.39390563964844
22/09/2025;179.0541229248047
23/09/2025;178.32493591308594
24/09/2025;177.5267791748047
25/09/2025;176.71876525878906
26/09/2025;177.66473388671875
29/09/2025;178.28550720214844
30/09/2025;178.90631103515625
01/10/2025;179.6946258544922
02/10/2025;179.9705352783203
03/10/2025;180.33511352539062
04/10/2025;144.10001
06/10/2025;180.92636108398438
07/10/2025;179.9508056640625
08/10/2025;180.83767700195312
09/10/2025;180.00009155273438
10/10/2025;175.5954132080078
11/10/2025;185.17
12/10/2025;187.13
13/10/2025;178.00961303710938
14/10/2025;178.1278533935547
15/10/2025;178.85704040527344
16/10/2025;178.23626708984375
17/10/2025;178.98513793945312
20/10/2025;180.56175231933594
21/10/2025;180.18731689453125
22/10/2025;179.3300323486328
23/10/2025;180.48292541503906
24/10/2025;181.59640502929688
27/10/2025;183.53761291503906
28/10/2025;183.9120635986328
29/10/2025;183.4883575439453
30/10/2025;181.95114135742188
31/10/2025;182.32559204101562
02/11/2025;161.97
03/11/2025;182.65077209472656
04/11/2025;180.4040985107422
05/11/2025;181.2219696044922
06/11/2025;179.5074005126953
07/11/2025;179.89169311523438
08/11/2025;173.10001
09/11/2025;179.47
10/11/2025;182.4635467529297
11/11/2025;183.044921875
12/11/2025;183.51791381835938
13/11/2025;180.55189514160156
14/11/2025;180.51248168945312
17/11/2025;178.63040161132812
18/11/2025;177.14247131347656
19/11/2025;177.42823791503906
20/11/2025;174.70858764648438
21/11/2025;176.56109619140625
24/11/2025;178.5121612548828
25/11/2025;180.54205322265625
26/11/2025;182.02996826171875
28/11/2025;182.94638061523438
01/12/2025;182.12852478027344
02/12/2025;182.57192993164062
03/12/2025;183.34054565429688
04/12/2025;183.52777099609375
05/12/2025;183.85293579101562
06/12/2025;166.97
08/12/2025;183.19273376464844
09/12/2025;183.1631622314453
10/12/2025;184.39491271972656
11/12/2025;185.10438537597656
12/12/2025;183.37010192871094
15/12/2025;183.53761291503906
16/12/2025;182.96644592285156
17/12/2025;181.0790557861328
18/12/2025;182.44989013671875
19/12/2025;183.94985961914062
22/12/2025;185.05247497558594
23/12/2025;185.9663848876953
24/12/2025;186.47299194335938
26/12/2025;186.56239318847656
29/12/2025;185.85711669921875
30/12/2025;185.7677001953125
31/12/2025;184.53594970703125
02/01/2026;185.27102661132812
04/01/2026;181.81
05/01/2026;186.7610626220703
06/01/2026;187.724609375
07/01/2026;186.96966552734375
08/01/2026;186.98953247070312
09/01/2026;188.27096557617188
12/01/2026;188.78750610351562
13/01/2026;188.27096557617188
14/01/2026;187.67494201660156
15/01/2026;187.99282836914062
16/01/2026;187.95309448242188
20/01/2026;184.40679931640625
21/01/2026;186.41339111328125
22/01/2026;187.30740356445312
23/01/2026;187.6054229736328
26/01/2026;188.6484375
27/01/2026;190.01927185058594
28/01/2026;189.5225830078125
29/01/2026;189.53253173828125
30/01/2026;188.37030029296875
01/02/2026;186.50999
02/02/2026;189.39346313476562
03/02/2026;188.1815643310547
04/02/2026;187.724609375
05/02/2026;185.2213592529297
06/02/2026;188.97625732421875
09/02/2026;190.56561279296875
10/02/2026;190.3272247314453
11/02/2026;190.55569458007812
12/02/2026;187.7643585205078
13/02/2026;188.14181518554688
17/02/2026;188.20143127441406
18/02/2026;189.14512634277344
19/02/2026;188.62857055664062
20/02/2026;189.91993713378906
23/02/2026;188.2411651611328
24/02/2026;189.5027313232422
25/02/2026;191.0920867919922
26/02/2026;190.40667724609375
27/02/2026;189.572265625
02/03/2026;188.91664123535156
03/03/2026;185.9663848876953
04/03/2026;187.56568908691406
05/03/2026;185.84716796875
06/03/2026;183.75119018554688
09/03/2026;185.21142578125
10/03/2026;185.1220245361328
11/03/2026;184.78428649902344
12/03/2026;181.93333435058594
13/03/2026;180.5426483154297
16/03/2026;182.8174285888672
17/03/2026;183.2644500732422
18/03/2026;180.56251525878906
19/03/2026;180.15524291992188
20/03/2026;176.8175506591797
23/03/2026;179.34068298339844
24/03/2026;178.6552734375
25/03/2026;179.9863739013672
26/03/2026;176.85728454589844
27/03/2026;177.79352569580078
30/03/2026;178.72976684570312
31/03/2026;179.66600799560547
01/04/2026;180.6022491455078
02/04/2026;180.51284790039062
03/04/2026;188.82001
06/04/2026;181.3075408935547
07/04/2026;181.2578582763672
08/04/2026;186.41339111328125
09/04/2026;187.10873413085938
10/04/2026;187.12860107421875
13/04/2026;188.72792053222656
14/04/2026;190.72454833984375
15/04/2026;192.04571533203125
16/04/2026;192.09539794921875
17/04/2026;192.0622812906901
20/04/2026;192.02916463216147
21/04/2026;191.9960479736328
22/04/2026;193.62515258789062
23/04/2026;192.532470703125
24/04/2026;193.97283935546875
27/04/2026;194.15164184570312
28/04/2026;193.13841247558594
29/04/2026;192.58212280273438
30/04/2026;195.2443389892578
01/05/2026;195.4529266357422
02/05/2026;186.46001
03/05/2026;187.089996
04/05/2026;194.2609100341797
05/05/2026;195.7211456298828
06/05/2026;199.29722595214844
07/05/2026;197.79725646972656
08/05/2026;199.30715942382812
11/05/2026;199.5455780029297
12/05/2026;199.23764038085938
13/05/2026;200.29058837890625
14/05/2026;201.39321899414062
15/05/2026;198.59194946289062
18/05/2026;198.9197540283203
19/05/2026;197.64825439453125
20/05/2026;200.15151977539062
21/05/2026;200.72767639160156
22/05/2026;201.1945343017578
26/05/2026;202.64483642578125
27/05/2026;202.55543518066406
28/05/2026;203.4395294189453
29/05/2026;203.5686492919922
01/06/2026;203.9958038330078
02/06/2026;204.8103485107422
03/06/2026;203.29051208496094
04/06/2026;204.30374145507812
05/06/2026;199.04888916015625
08/06/2026;199.71444702148438
09/06/2026;199.04888916015625
10/06/2026;196.12841796875
11/06/2026;200.201171875
12/06/2026;200.97601318359375
15/06/2026;203.6300048828125
16/06/2026;203.10000610351562
17/06/2026;200.99000549316406
18/06/2026;202.72999572753906
22/06/2026;202.3699951171875
23/06/2026;199.42999267578125
24/06/2026;199.0
25/06/2026;199.2899932861328
26/06/2026;197.36000061035156
29/06/2026;201.24000549316406
30/06/2026;202.63999938964844
01/07/2026;202.0800018310547
02/07/2026;202.64999389648438
04/07/2026;182.47
06/07/2026;204.44000244140625
07/07/2026;203.1300048828125
08/07/2026;202.2899932861328
09/07/2026;203.72999572753906
10/07/2026;204.6300048828125
13/07/2026;203.00999450683594
14/07/2026;203.97999572753906
15/07/2026;204.75
16/07/2026;203.5800018310547
17/07/2026;201.89999389648438
20/07/2026;201.10000610351562
21/07/2026;203.1300048828125
22/07/2026;203.10000610351562
23/07/2026;200.61000061035156
24/07/2026;200.8800048828125
27/07/2026;201.25999450683594
28/07/2026;201.8000030517578
29/07/2026;199.17999267578125
30/07/2026;202.97999572753906
31/07/2026;203.3699951171875
01/08/2026;188.24001
03/08/2026;205.85000610351562
04/08/2026;209.24000549316406
05/08/2026;209.14999389648438
06/08/2026;208.6300048828125
07/08/2026;210.47000122070312
10/08/2026;210.11000061035156
11/08/2026;209.69000244140625
12/08/2026;210.3800048828125
13/08/2026;211.50999450683594
14/08/2026;211.2100067138672
17/08/2026;210.42999267578125
18/08/2026;208.74000549316406
19/08/2026;209.22000122070312
20/08/2026;207.8300018310547
21/08/2026;209.07000732421875
24/08/2026;208.47999572753906
25/08/2026;209.3300018310547
26/08/2026;208.9600067138672
27/08/2026;209.92999267578125
28/08/2026;209.42999267578125
31/08/2026;208.82000732421875
01/09/2026;207.02999877929688
02/09/2026;208.0
03/09/2026;210.33999633789062
04/09/2026;209.82000732421875
08/09/2026;208.6300048828125
09/09/2026;207.4499969482422
10/09/2026;205.8699951171875
11/09/2026;207.69000244140625
14/09/2026;206.8000030517578
15/09/2026;205.6300048828125
16/09/2026;204.7100067138672
17/09/2026;207.2100067138672
18/09/2026;206.77000427246094
21/09/2026;209.6999969482422
22/09/2026;210.02000427246094
23/09/2026;207.83999633789062
24/09/2026;207.64999389648438
25/09/2026;208.72999572753906
28/09/2026;207.17999267578125
29/09/2026;206.7100067138672
30/09/2026;206.22999572753906
01/10/2026;205.83999633789062
02/10/2026;207.52999877929688
03/10/2026;186.36
04/10/2026;188.38
05/10/2026;208.5500030517578
06/10/2026;209.72999572753906
07/10/2026;208.6699981689453
02/11/2026;191.83
03/11/2026;186.020004
01/12/2026;190.050003
02/12/2026;189.020004
03/12/2026;183.14999
